   Asl post ID: 	   ID исходного поста: 	   Original post ID: 
   Asl sanasi: 	   Исходная дата: 	   Original date: 
   Davomiyligi: 	   Длительность: 	   Duration: 
   Hajmi: 	   Размер: 	   Size: 
   O'lcham: 	   Размеры: 	   Dimensions: 
   🌇 Botishi 	   🌇 Закат 	   🌇 Sunset 
   🎬 Videolar: 	   🎬 Видео: 	   🎬 Videos: 
   🔗 Havolalar: 	   🔗 Ссылки: 	   🔗 Links: 
   😀 Stikerlar: 	   😀 Стикеры: 	   😀 Stickers: 
  (sof)	  (чистый прирост)	  (net)
  ·  albom: 	  ·  альбом: 	  ·  album: 
  · alohida xabar bo'lib ketadi	  · уйдёт отдельным сообщением	  · will be sent as a separate message
 (jami 	 (всего 	 (total 
 (joriy)	 (текущий)	 (current)
 (yashirin profil)	 (скрытый профиль)	 (hidden profile)
 a'zo	 участн.	 members
 belgi, 	 симв., 	 chars, 
 chiqishi	 восход	 rise
 daq	 мин	 min
 daq)	 мин)	 min)
 daqiqa	 мин.	 min
 daqiqa oldin	 мин. назад	 min ago
 daqiqa qoldi	 мин. осталось	 min left
 daqiqa). Jarayonni istalgan payt to'xtatish mumkin.	 мин). Процесс можно остановить в любой момент.	 min). You can stop the process at any time.
 ga qo'shildi	 — добавлено	 — added
 kontaktlaringizda yo'q, xabarlarida esa quyidagilar bor: 	 нет в ваших контактах, а в его сообщениях есть: 	 is not in your contacts, and their messages contain: 
 kun	 дн.	 days
 kun: 	 дн.: 	 days: 
 m/s	 м/с	 m/s
 namozi vaqti kirdi	 — наступило время намаза	 prayer time has begun
 namoziga 	 (намаз): 	 prayer: 
 namozigacha 	 — 	 — 
 obunachi	 подписчиков	 subscribers
 qoldi	 осталось	 left
 rejim	 режим	 mode
 rejim ranglari sozlanmoqda. Mavzu fayllari quyidagi papkada saqlanadi:\n	 режим: настраиваются цвета. Файлы тем сохраняются в папке:\n	 mode colors are being customized. Theme files are saved in this folder:\n
 so'z	 сл.	 words
 soat 	 ч 	 h 
 soatda	 ч	 hours
 soatda avtomatik yoziladi (Sozlamalar → Avtomatlashtirish). Ma'lumot faqat telefoningizda saqlanadi.	 ч (Настройки → Автоматизация). Данные хранятся только на вашем телефоне.	 hours (Settings → Automation). Data is stored only on your phone.
 soatda bir marta	 ч. — один раз	 h — once
 soatdan keyin	 ч. спустя	 hours later
 soniya	 сек.	 sec
 soniya kutilmoqda…	 сек. ожидания…	 seconds of waiting…
 surati	 — фото	 photo
 surati saqlandi	 — фото сохранено	 photo saved
 ta	 шт.	 items
 ta (ekranda yuklanganlari)\n	 (загруженных на экране)\n	 (loaded on screen)\n
 ta a'zo	 участников	 members
 ta a'zo chiqarib yuborilsinmi?	 участников — удалить?	 members — remove them?
 ta akkaunt	 аккаунт(ов)	 accounts
 ta akkaunt qo'shildi	 аккаунт(ов) вступили	 accounts joined
 ta akkauntdan qo'shilinmoqda…	 аккаунт(ов) вступают…	 accounts joining…
 ta bot to'xtatiladi (bloklanadi), ular bilan yozishmalar tozalanadi va ro'yxatdan o'chadi. Bot sizga boshqa xabar yubora olmaydi.\n\nKeyinroq botni qayta ishga tushirish uchun uni ochib \"Qayta ishga tushirish\"ni bosing.	 бот(ов) будет остановлено (заблокировано), переписка с ними очищена и удалена из списка. Бот больше не сможет присылать вам сообщения.\n\nЧтобы позже снова запустить бота, откройте его и нажмите \"Перезапустить\".	 bot(s) will be stopped (blocked), their chats cleared and removed from the list. The bot won't be able to message you anymore.\n\nTo restart a bot later, open it and tap \"Restart\".
 ta bot to'xtatildi va tozalandi	 бот(ов) остановлено и очищено	 bot(s) stopped and cleared
 ta chat	 чат(ов)	 chats
 ta chat yashirildi	 чатов скрыто	 chats hidden
 ta chat · 	 чатов · 	 chats · 
 ta chatdan yuklab olingan media fayllar telefondan o'chiriladi. Xabarlarning o'zi o'chmaydi.	 чатов: скачанные медиафайлы будут удалены с телефона. Сами сообщения не удалятся.	 chats: downloaded media files will be deleted from the phone. The messages themselves will not be deleted.
 ta chatga	 чатов	 chats
 ta element	 элем.	 items
 ta fayl, 	 файлов, 	 files, 
 ta format/havola	 форматир./ссылок	 formatting/links
 ta guruh	 групп(ы)	 groups
 ta kanal	 канал(ов)	 channels
 ta kanal/guruh tegilmaydi.	 канал(ов)/групп не будут затронуты.	 channels/groups you created will not be affected.
 ta kanal/guruhdan chiqildi	 канал(ов)/групп покинуто	 channels/groups left
 ta notanish chat \"Notanishlar\" jildiga o'tkazildi	 чат(ов) незнакомцев перемещено в папку \"Незнакомцы\"	 chats from strangers moved to the \"Strangers\" folder
 ta o'chirilgan hisob chiqarib yuborilsinmi?	 удалённых аккаунтов — удалить?	 deleted accounts — remove them?
 ta obunachi. Telegram kanallarda adminlarga faqat oxirgi ~200 obunachini ko'rsatadi — tozalagach \"Qayta yuklash\"ni bosing, keyingilari chiqadi.	 подписчиков. В каналах Telegram показывает админам только последних ~200 подписчиков — после очистки нажмите \"Перезагрузить\", чтобы увидеть следующих.	 subscribers. In channels, Telegram shows admins only the last ~200 subscribers — after cleaning, tap \"Reload\" to see the next ones.
 ta rang	 цветов	 colors
 ta so'rov	 заявок	 requests
 ta sozlama	 настр.	 settings
 ta xabar Saqlangan xabarlarga saqlandi	 сообщ. сохранено в Избранное	 messages saved to Saved Messages
 ta xabar belgilandi. Ko'proq kerak bo'lsa, yuqoriga suring va yana bosing	 сообщ. выбрано. Если нужно больше, прокрутите вверх и нажмите снова	 messages selected. If you need more, scroll up and tap again
 ta. Telegram bir vaqtda ko'pi bilan 100 ta xabarni belgilashga ruxsat beradi	. Telegram позволяет выбрать не более 100 сообщений одновременно	. Telegram allows selecting at most 100 messages at a time
 va 	 и 	 and 
 vaqtini tuzatish	 — коррекция времени	 time adjustment
 xabarga	 сообщ.	 messages
 · Namlik 	 · Влажность 	 · Humidity 
 · har 	 · каждые 	 · every 
% · Shamol 	% · Ветер 	% · Wind 
( Asr · 1:24 )	( Аср · 1:24 )	( Asr · 1:24 )
( Asr · 1:24 ) rangli	( Аср · 1:24 ) цветной	( Asr · 1:24 ) colored
** foydalanuvchisini **	** — добавить этого пользователя в **	** — add this user to **
** ga qo'shasizmi?	**?	**?
+ Yangi	+ Новый	+ New
+ kun yangi xabar yo'q)	+ дн. без новых сообщений)	+ days without new messages)
+ o'qilmagan)	+ непрочитанных)	+ unread)
, Telegram ko'pi bilan 10 000 tasini beradi)	, Telegram выдаёт не более 10 000)	, Telegram returns at most 10,000)
. Adminlar ro'yxatga kirmaydi.	. Админы в список не входят.	. Admins are not included in the list.
. Bosing — tegishli bo'lim ochiladi.	. Нажмите — откроется соответствующий раздел.	. Tap to open the relevant section.
. Jami belgilangan: 	. Всего выбрано: 	. Total selected: 
. Ko'rish: qidiruv tugmasini uzoq bosing	. Просмотр: зажмите кнопку поиска	. To view: long-press the search button
. Qayta bossangiz, asl matn yuboriladi	. Нажмите ещё раз, чтобы отправить исходный текст	. Tap again to send the original text
. Tekshirib yuboring.	. Проверьте и отправьте.	. Check it and send.
. U \"Saqlangan xabarlar\"ga keladi	. Оно придёт в \"Избранное\"	. It will arrive in \"Saved Messages\"
1 soatda bir marta	Раз в 1 час	Once every hour
1 soatdan keyin	Через 1 час	In 1 hour
1. Izohni tahrirlang	1. Отредактируйте подпись	1. Edit the caption
1. Matnni tahrirlang	1. Отредактируйте текст	1. Edit the text
12 soatda bir marta	Раз в 12 часов	Once every 12 hours
2. Tezkor amallar	2. Быстрые действия	2. Quick actions
24 soat	24 часа	24 hours
3 soatda bir marta	Раз в 3 часа	Once every 3 hours
3 soatdan keyin	Через 3 часа	In 3 hours
3. Yuborish	3. Отправка	3. Send
30 daqiqadan keyin	Через 30 минут	In 30 minutes
30 kun	30 дней	30 days
4 xonali PIN kod o'ylab toping	Придумайте 4-значный PIN-код	Create a 4-digit PIN code
6 soatda bir marta	Раз в 6 часов	Once every 6 hours
7 kun	7 дней	7 days
8-mart muborak! 🌷	С 8 Марта! 🌷	Happy March 8th! 🌷
@username yozing — band yoki bo'shligini darhol ko'rsatadi va mavjud bo'lsa, chatni ochadi.	Введите @username — сразу покажет, занято оно или свободно, и откроет чат, если он существует.	Type a @username — instantly shows whether it's taken or free and opens the chat if it exists.
A'zolar (yangi qo'shilganlar tepada)	Участники (новые сверху)	Members (newest first)
A'zolarni tozalash	Очистка участников	Clean up members
APK blok: chatlardagi .apk (Android ilova) fayllari ko'rsatilmaydi va ochilmaydi. Ogohlantirish: kontaktingizda yo'q odam karta raqami, SMS kod, pul o'tkazish yoki shubhali havola bilan yozsa, chatni ochganingizda ogohlantiriladi.	Блокировка APK: файлы .apk (приложения Android) в чатах не показываются и не открываются. Предупреждение: если человек не из ваших контактов пишет о номере карты, SMS-коде, переводе денег или присылает подозрительную ссылку, при открытии чата вы получите предупреждение.	APK block: .apk files (Android apps) in chats are hidden and can't be opened. Warning: if someone not in your contacts writes about a card number, SMS code, money transfer or sends a suspicious link, you'll be warned when you open the chat.
APK fayllarni bloklash	Блокировать APK-файлы	Block APK files
Admin	Админ	Admin
Admin bo'lgan kanal/guruhlarni avtomatik kuzatish	Автоматически отслеживать каналы/группы, где вы админ	Auto-track channels/groups where you're an admin
Admin guruhlar	Админ-группы	Admin groups
Admin kanallar	Админ-каналы	Admin channels
Akkaunt 	Аккаунт 	Account 
Akkaunt nomi	Название аккаунта	Account name
Akkaunt nomini o'zgartirish	Переименовать аккаунт	Rename account
Akkaunt yashirildi. Ko'rish: \"Hisob qo'shish\" ni uzoq bosing	Аккаунт скрыт. Чтобы увидеть: нажмите и удерживайте \"Добавить аккаунт\"	Account hidden. To view: long-press \"Add account\"
Akkauntdan chiqish	Выйти из аккаунта	Log out of account
Akkauntlar bo'yicha	По аккаунтам	Per account
Allaqachon \"Tanlanganlar\" jildida	Уже в папке \"Избранное\"	Already in the \"Favorites\" folder
Allaqachon shu toifada	Уже в этой категории	Already in this category
Almashtirish	Заменить	Replace
Amudaryo tumani	Амударьинский район	Amudarya District
Andijon shahri	город Андижан	Andijan city
Andijon tumani	Андижанский район	Andijan District
Andijon viloyati	Андижанская область	Andijan Region
Angor tumani	Ангорский район	Angor District
Angren shahri	город Ангрен	Angren city
Arnasoy tumani	Арнасайский район	Arnasoy District
Arxiv	Архив	Archive
Arxiv sozlamalari	Настройки архива	Archive settings
Arxivni barcha jildlarda ko'rsatish	Показывать архив во всех папках	Show archive in all folders
Arxivni saralash	Сортировка архива	Sort archive
Arxivni yashirish (pastga tortib ochiladi)	Скрыть архив (открывается свайпом вниз)	Hide archive (pull down to open)
Asaka shahri	город Асака	Asaka city
Asaka tumani	Асакинский район	Asaka District
Asl nom	Исходное имя	Original name
Asosan ochiq	Преимущественно ясно	Mostly clear
Asosiy	Основное	Main
Asosiy akkaunt bekor qilindi	Основной аккаунт сброшен	Main account unset
Asosiy akkaunt sifatida tanlash	Сделать основным аккаунтом	Set as main account
Asosiy ekran	Главный экран	Main screen
Asosiy matn	Основной текст	Primary text
Asosiy ro'yxatga qaytarildi	Возвращено в основной список	Moved back to the main list
Asr	Аср	Asr
Asr · 1:24	Аср · 1:24	Asr · 1:24
Avto-imzo	Автоподпись	Auto signature
Avto-imzo o'chirildi	Автоподпись отключена	Auto signature disabled
Avto-imzo saqlandi (o'chiq)	Автоподпись сохранена (выключена)	Auto signature saved (off)
Avto-imzo yoqildi	Автоподпись включена	Auto signature enabled
Avto-imzo: yoqilgan	Автоподпись: включена	Auto signature: on
Avto-javob	Автоответ	Auto-reply
Avto-javob matni	Текст автоответа	Auto-reply text
Avto-javobni yoqish	Включить автоответ	Enable auto-reply
Avto-tarjima	Автоперевод	Auto-translate
Avto-tarjima o'chirildi	Автоперевод отключён	Auto-translate disabled
Avto-tarjima va avto-imzo	Автоперевод и автоподпись	Auto-translate and auto-signature
Avto-tarjima: 	Автоперевод: 	Auto-translate: 
Avto-yuklash sozlamalari	Настройки автозагрузки	Auto-download settings
Avtomatik (Telegram + Google)	Автоматически (Telegram + Google)	Automatic (Telegram + Google)
Avtomatik (quyosh bo'yicha)	Автоматически (по солнцу)	Automatic (by the sun)
Avtomatik kuzatish	Автоматическое отслеживание	Automatic tracking
Avtomatik qabul qilish o'chirildi	Автоматическое одобрение отключено	Auto-approve disabled
Avtomatik qabul qilishni o'chirish	Отключить автоматическое одобрение	Disable auto-approve
Avtomatlashtirish	Автоматизация	Automation
Avval a'zolarni belgilang yoki \"Tez belgilash\"dan foydalaning	Сначала выделите участников или используйте \"Быстрый выбор\"	Select members first or use \"Quick select\"
Avval kamida bitta surat tanlang (Tong / Kun / Shom / Tun)	Сначала выберите хотя бы одно фото (Утро / День / Вечер / Ночь)	Select at least one photo first (Morning / Day / Evening / Night)
Avval matnning bir qismini belgilang (bosib turing va suring)	Сначала выделите часть текста (зажмите и проведите)	First select part of the text (press and drag)
Avval ro'yxatdan kanal/guruhlarni belgilang	Сначала выберите каналы/группы в списке	First select channels/groups from the list
Avvalgi maxfiylik sozlamalari tiklandi	Прежние настройки конфиденциальности восстановлены	Previous privacy settings restored
BELGILANGANINI NUSXALASH	КОПИРОВАТЬ ВЫДЕЛЕННОЕ	COPY SELECTED
Baliqchi tumani	Балыкчинский район	Baliqchi District
Band bo'lganingizda avto-javob, avto-tarjima, avto-imzo va qo'shilish so'rovlarini avtomatik qabul qilish.	Автоответ, когда вы заняты, автоперевод, автоподпись и автоматическое принятие заявок на вступление.	Auto-reply when you're busy, auto-translate, auto-signature and auto-accepting join requests.
Bandixon tumani	Бандиханский район	Bandikhan District
Barcha 	Все 	All 
Barcha akkauntlardan qo'shilish	Вступить со всех аккаунтов	Join from all accounts
Barcha chatlar	Все чаты	All chats
Barcha chatlarda avtomatik qabul qilish	Автоматически принимать во всех чатах	Auto-accept in all chats
Barcha shaxsiy chatlar	Все личные чаты	All private chats
Barmoq izi	Отпечаток пальца	Fingerprint
Barmoq izi bilan ochish	Разблокировка отпечатком пальца	Unlock with fingerprint
Baxmal tumani	Бахмальский район	Bakhmal District
Baxt shahri	город Бахт	Bakht city
Bayram tabriklari	Поздравления с праздниками	Holiday greetings
Bayroq	Флаг	Flag
Bekobod shahri	город Бекабад	Bekabad city
Bekobod tumani	Бекабадский район	Bekabad District
Bekor	Отмена	Cancel
Bekor qilish	Отмена	Cancel
Bektemir tumani	Бектемирский район	Bektemir District
Belgilandi: 	Выбрано: 	Selected: 
Belgilangan akkauntlar ro'yxatlarda ko'rinmaydi. Ularga o'tish: Profil → akkauntlar ro'yxatida \"Hisob qo'shish\" ni uzoq bosing.	Отмеченные аккаунты не отображаются в списках. Чтобы переключиться на них: Профиль → в списке аккаунтов зажмите \"Добавить аккаунт\".	Selected accounts are hidden from lists. To switch to them: Profile → long-press \"Add Account\" in the accounts list.
Belgilangan qism nusxalandi	Выделенный фрагмент скопирован	Selected text copied
Belgilangan vaqtda bildirishnomalar kelmaydi. Xabarlar yo'qolmaydi.	В указанное время уведомления не приходят. Сообщения не теряются.	No notifications during the set time. Messages aren't lost.
Belgilanganlar faqat o'zingiz yaratgan kanal/guruhlar — ular tashlab ketilmaydi	Выбраны только созданные вами каналы/группы — их нельзя покинуть	Only channels/groups you created are selected — they won't be left
Belgilanganlar orasida bot yo'q	Среди выбранных нет ботов	No bots among the selected
Belgilanganlar orasida kanal yoki guruh yo'q	Среди выбранных нет каналов или групп	No channels or groups among the selected
Belgilanganlardan chiqish	Покинуть выбранные	Leave selected
Belgilanganlardan chiqish (	Покинуть выбранные (	Leave selected (
Belgilanganlarni chiqarish	Удалить выбранных	Remove selected
Belgilanganlarni chiqarish (	Удалить выбранных (	Remove selected (
Beruniy shahri	город Беруни	Beruniy city
Beruniy tumani	Берунийский район	Beruniy District
Beshariq shahri	город Бешарык	Beshariq city
Beshariq tumani	Бешарыкский район	Beshariq District
Beshkent shahri	город Бешкент	Beshkent city
Bildirishnoma	Уведомление	Notification
Bildirishnoma ovozi (yumshoq)	Звук уведомления (тихий)	Notification sound (soft)
Bildirishnomalar	Уведомления	Notifications
Bildirishnomalarni o'chirish	Отключить уведомления	Disable notifications
Bildirishnomalarni yoqish	Включить уведомления	Enable notifications
Bir martalik ovoz	Одноразовое голосовое	View-once voice
Bir martalik ovoz: yoqilgan	Одноразовое голосовое: включено	View-once voice: on
Bir martalik ovozli xabar o'chirildi	Одноразовые голосовые сообщения отключены	View-once voice messages disabled
Bitta chatga qanchalik tez-tez javob berilsin?	Как часто отвечать в одном чате?	How often to reply in one chat?
Bloklandi va spam deb belgilandi	Заблокирован и отмечен как спам	Blocked and reported as spam
Bloklash	Заблокировать	Block
Bo'ka shahri	город Бука	Buka city
Bo'ka tumani	Букинский район	Buka District
Bo'lim	Раздел	Section
Bo'lim sarlavhalari	Заголовки разделов	Section headers
Bo'limlar foni	Фон разделов	Sections background
Bo'ston shahri	город Бустан	Bustan city
Bo'ston tumani	Бустанский район	Bustan District
Bo'stonliq tumani	Бостанлыкский район	Bostanliq District
Bo'zatov tumani	Бозатауский район	Bozatau District
Bog'dod tumani	Багдадский район	Bagdad District
Bog'ot tumani	Багатский район	Bagat District
Bomdod	Фаджр	Fajr
Bosh ekranga chiqarish	Добавить на главный экран	Add to home screen
Bosh ekranga qo'shildi	Добавлено на главный экран	Added to home screen
Bosh ekranga qo'shildi: 	Добавлено на главный экран: 	Added to home screen: 
Boshlash	Начать	Start
Boshqa akkaunt yo'q	Других аккаунтов нет	No other accounts
Boshqa chat foni tanlash	Выбрать другой фон чата	Choose another chat background
Boshqa surat tanlash	Выбрать другое фото	Choose another photo
Boshqa vaqt…	Другое время…	Other time…
Bot	Бот	Bot
Bot sifatida kirganda cheklovlar bor:\n	При входе как бот есть ограничения:\n	Logging in as a bot has limitations:\n
Bot tokeni orqali kirish	Войти через токен бота	Log in with bot token
Botlar	Боты	Bots
Botlarni to'xtatish	Остановить ботов	Stop bots
Boyovut tumani	Баяутский район	Bayaut District
Boysun shahri	город Байсун	Boysun city
Boysun tumani	Байсунский район	Boysun District
Bu akkaunt bildirishnomalari yoqildi	Уведомления для этого аккаунта включены	Notifications for this account enabled
Bu akkauntdan bildirishnoma kelmaydi	Уведомления с этого аккаунта не будут приходить	You won't get notifications from this account
Bu bot Telegram tomonidan bloklangan.	Этот бот заблокирован Telegram.	This bot has been blocked by Telegram.
Bu chat qulflangan	Этот чат заблокирован	This chat is locked
Bu chat xabarlari uchun ochiq havola yo'q — oddiy uzatiladi	У сообщений этого чата нет публичной ссылки — будут пересланы обычным способом	Messages in this chat have no public link — they will be forwarded normally
Bu chatda ovozli va doira xabarlar bir marta tinglanadigan bo'lib yuboriladi	В этом чате голосовые и видеосообщения отправляются одноразовыми	In this chat, voice and video messages are sent as listen-once
Bu chatdan yuklab olingan rasm, video, ovozli xabar va fayllar telefondan o'chiriladi. Xabarlarning o'zi o'chmaydi, kerak bo'lsa qayta yuklanadi.	Скачанные из этого чата фото, видео, голосовые сообщения и файлы будут удалены с телефона. Сами сообщения не удалятся, при необходимости загрузятся снова.	Photos, videos, voice messages and files downloaded from this chat will be deleted from the phone. The messages themselves will not be deleted and will be downloaded again if needed.
Bu chatga yangi so'rovlar avtomatik qabul qilinadi	Новые заявки в этот чат будут одобряться автоматически	New requests to this chat will be approved automatically
Bu chatga yozganlarim qaysi tilga tarjima qilinsin?	На какой язык переводить мои сообщения в этом чате?	Which language should my messages in this chat be translated to?
Bu chatni yana umumiy ro'yxatda ko'rsataylikmi?	Снова показывать этот чат в общем списке?	Show this chat in the main list again?
Bu imzo shu chatga yuboradigan har bir xabaringiz va media izohingiz oxiriga avtomatik qo'shiladi. Matnni belgilab qalin, kursiv yoki havola qilish mumkin. Stiker, ovozli xabar va doira videoga qo'shilmaydi.	Эта подпись будет автоматически добавляться в конец каждого вашего сообщения и подписи к медиа в этом чате. Текст можно выделить и сделать жирным, курсивом или ссылкой. К стикерам, голосовым и видеосообщениям не добавляется.	This signature will be automatically added to the end of every message and media caption you send to this chat. You can select text to make it bold, italic or a link. It isn't added to stickers, voice messages or video messages.
Bu kod chat qulfi kodidan alohida. Parolsiz kirish yoqilsa, qidiruvni uzoq bosganda kod so'ralmaydi.	Этот код отличается от кода блокировки чата. Если включён вход без пароля, при долгом нажатии на поиск код не запрашивается.	This code is separate from the chat lock code. If passwordless entry is on, no code is asked when you long-press search.
Bu nom faqat shu telefondagi akkauntlar ro'yxatida ko'rinadi.	Это имя видно только в списке аккаунтов на этом телефоне.	This name is shown only in the account list on this phone.
Bu odamni taniyman	Я знаю этого человека	I know this person
Bu tanishtiruvni istalgan vaqtda shu yerdan qayta ko'rishingiz mumkin.	Это знакомство можно пересмотреть здесь в любое время.	You can view this intro again here at any time.
Bu telefon yorliq qo'shishni qo'llab-quvvatlamaydi	Этот телефон не поддерживает добавление ярлыков	This phone doesn't support adding shortcuts
Bu telefonda ovozni tanish xizmati yo'q (Google ilovasini o'rnating)	На этом телефоне нет службы распознавания речи (установите приложение Google)	No speech recognition service on this phone (install the Google app)
Budilnik	Будильник	Alarm
Budilnik ovozi (baland)	Звук будильника (громкий)	Alarm sound (loud)
Bufer bo'sh	Буфер обмена пуст	Clipboard is empty
Buferdagi matnda token topilmadi	В тексте из буфера обмена токен не найден	No token found in clipboard text
Bugun	Сегодня	Today
Bugungi vaqtlar	Время на сегодня	Today's times
Buloqboshi tumani	Булакбашинский район	Bulakbashi District
Bulung'ur shahri	город Булунгур	Bulungur city
Bulung'ur tumani	Булунгурский район	Bulungur District
Bulut jildlarini tahrirlash	Изменить облачные папки	Edit cloud folders
Bulutcha — tez saqlash tugmasi	Облачко — кнопка быстрого сохранения	Cloud — quick save button
Bulutli	Облачно	Cloudy
Buvayda tumani	Бувайдинский район	Buvayda District
Buxoro shahri	город Бухара	Bukhara city
Buxoro tumani	Бухарский район	Bukhara District
Buxoro viloyati	Бухарская область	Bukhara Region
Chat \"Notanishlar\" jildiga o'tkazildi	Чат перемещён в папку \"Незнакомцы\"	Chat moved to the \"Strangers\" folder
Chat alohida parol bilan qulflandi	Чат заблокирован отдельным паролем	Chat locked with a separate password
Chat asosiy ro'yxatga qaytarildi	Чат возвращён в основной список	Chat moved back to the main list
Chat eksporti	Экспорт чата	Chat export
Chat foni	Фон чата	Chat background
Chat ko'rinishi	Вид чата	Chat view
Chat nomi	Название чата	Chat name
Chat oynasi	Окно чата	Chat screen
Chat qulfdan chiqarildi	Чат разблокирован	Chat unlocked
Chat qulfi	Блокировка чатов	Chat lock
Chat qulfi o'chirildi	Блокировка чатов отключена	Chat lock disabled
Chat qulfi sozlamalari	Настройки блокировки чатов	Chat lock settings
Chat qulfi, yashirin bo'lim, notanishlardan himoya, APK blok va firibgarlikdan ogohlantirish.	Блокировка чатов, скрытый раздел, защита от незнакомцев, блокировка APK и предупреждение о мошенничестве.	Chat lock, hidden section, stranger protection, APK block and scam warning.
Chat qulfini o'chirish	Отключить блокировку чатов	Disable chat lock
Chat qulflandi. Keyingi safar parol so'raladi	Чат заблокирован. В следующий раз будет запрошен пароль	Chat locked. A password will be required next time
Chat qulflangan	Чат заблокирован	Chat locked
Chat ro'yxati	Список чатов	Chat list
Chat sozlamalari (shrift, burchaklar)	Настройки чата (шрифт, углы)	Chat settings (font, corners)
Chat yana ro'yxatda ko'rinadi	Чат снова отображается в списке	Chat is visible in the list again
Chat yashirildi	Чат скрыт	Chat hidden
Chat: 	Чат: 	Chat: 
Chatlar ro'yxati foni	Фон списка чатов	Chat list background
Chatlar ro'yxati tepasida, ⋮ tugmasining chap tomonida kichik belgi chiqadi: keyingi namozgacha qolgan vaqt yoki ob-havo. Uni bossangiz, bugungi barcha vaqtlar va 3 kunlik ob-havo ochiladi.	Над списком чатов, слева от кнопки ⋮, появится небольшой значок: время до следующего намаза или погода. Нажмите на него, чтобы открыть все времена на сегодня и прогноз погоды на 3 дня.	Above the chat list, left of the ⋮ button, a small badge appears: time until the next prayer or the weather. Tap it to see all of today's times and a 3-day forecast.
Chatlar ro'yxati tepasidagi hikoyalar qatori ko'rinmaydi. Hikoyalarni profil orqali ko'rish mumkin.	Строка историй над списком чатов не отображается. Истории можно смотреть через профиль.	The stories bar above the chat list is hidden. Stories can be viewed via the profile.
Chatlar ro'yxatida ko'rsatish	Показывать в списке чатов	Show in chat list
Chatlar sozlamalari	Настройки чатов	Chat settings
Chatni eksport qilish	Экспорт чата	Export chat
Chatni oching → ⋮ → \"Avto-tarjima\" — shu chatga yozganlaringiz tanlangan tilga o'girilib yuboriladi. ⋮ → \"Avto-imzo\" — har bir xabar oxiriga imzo qo'shiladi.	Откройте чат → ⋮ → \"Автоперевод\" — всё, что вы пишете в этот чат, будет переводиться на выбранный язык и отправляться. ⋮ → \"Автоподпись\" — в конец каждого сообщения добавляется подпись.	Open a chat → ⋮ → \"Auto-translate\" — what you write in this chat is translated into the chosen language before sending. ⋮ → \"Auto-signature\" — a signature is added to the end of every message.
Chatni ochish uchun bosing. Umumiy ro'yxatga qaytarish uchun uzoq bosing.	Нажмите, чтобы открыть чат. Зажмите, чтобы вернуть его в общий список.	Tap to open the chat. Long-press to return it to the main list.
Chatni qulflash	Заблокировать чат	Lock chat
Chatni qulflashda umumiy parol yoki shu chatga alohida PIN / grafik kalit tanlash mumkin: chat → ⋮ → \"Chatni qulflash\".	Для блокировки чата можно выбрать общий пароль или отдельный PIN / графический ключ для этого чата: чат → ⋮ → \"Заблокировать чат\".	To lock a chat, you can use the common passcode or a separate PIN / pattern for that chat: chat → ⋮ → \"Lock chat\".
Chatni tanlash ➜	Выбрать чат ➜	Select chat ➜
Chatni yashirish	Скрыть чат	Hide chat
Chegarali	С рамкой	Bordered
Chelak shahri	город Челек	Chelak city
Chilonzor tumani	Чиланзарский район	Chilanzar District
Chimboy shahri	город Чимбай	Chimbay city
Chimboy tumani	Чимбайский район	Chimbay District
Chinoz shahri	город Чиназ	Chinaz city
Chinoz tumani	Чиназский район	Chinaz District
Chiqarildi: 	Удалено: 	Removed: 
Chiqarilganlar \"Chetlatilganlar\" ro'yxatiga tushadi va havola orqali qayta kira olmaydi (nakrutka qaytib kelmasligi uchun). Istasangiz, u yerdan blokdan chiqarishingiz mumkin.	Удалённые попадут в список \"Заблокированные\" и не смогут вернуться по ссылке (чтобы накрутка не возвращалась). При желании их можно разблокировать оттуда.	Removed users go to the \"Removed users\" list and can't rejoin via link (so fake members don't come back). You can unblock them there if you wish.
Chiqarilmoqda…	Удаление…	Removing…
Chiqarish	Удалить	Remove
Chiqish	Выйти	Log out
Chirchiq shahri	город Чирчик	Chirchiq city
Chiroqchi shahri	город Чиракчи	Chiroqchi city
Chiroqchi tumani	Чиракчинский район	Chiroqchi District
Chortoq shahri	город Чартак	Chartak city
Chortoq tumani	Чартакский район	Chartak District
Chust shahri	город Чуст	Chust city
Chust tumani	Чустский район	Chust District
Dang'ara tumani	Дангаринский район	Dangara District
Dehqonobod tumani	Дехканабадский район	Dehkanabad District
Denov shahri	город Денау	Denau city
Denov tumani	Денауский район	Denau District
Dialog	Диалог	Dialog
Dialog matnining fon rangi	Цвет фона текста диалога	Dialog text background color
Dialog matnining rangi	Цвет текста диалога	Dialog text color
Dialog sarlavhasi / tugmalarining rangi	Цвет заголовка / кнопок диалога	Dialog title / buttons color
Dizayn	Дизайн	Design
Dizayn (ranglarni sozlash)	Дизайн (настройка цветов)	Design (customize colors)
Do'stlik shahri	город Дустлик	Dustlik city
Do'stlik tumani	Дустликский район	Dustlik District
Do'stobod shahri	город Дустабад	Dustabad city
Doim kun	Всегда день	Always day
Doim shom	Всегда вечер	Always dusk
Doim tong	Всегда утро	Always dawn
Doim tun	Всегда ночь	Always night
Doira video	Видеосообщение	Video message
Doira video qilib yuborish	Отправить как видеосообщение	Send as video message
Ekranlar	Экраны	Screens
Eksport qilib bo'lmadi	Не удалось экспортировать	Export failed
Eksport uchun xabar yo'q	Нет сообщений для экспорта	No messages to export
Ellikkala tumani	Элликкалинский район	Ellikqala District
Ertaga	Завтра	Tomorrow
Ertaga soat 9:00 da	Завтра в 9:00	Tomorrow at 9:00
Eslatib turish	Напоминать	Remind
Eslatma ovozi	Звук напоминания	Reminder sound
Eslatma qo'yildi: 	Напоминание установлено: 	Reminder set: 
Eslatma vaqti	Время напоминания	Reminder time
Eslatma: Telegram qoidasiga ko'ra, o'z vaqtingizni yashirsangiz, boshqalarning ham \"oxirgi marta onlayn\" vaqtini ko'ra olmaysiz.\n\n	Примечание: по правилам Telegram, если вы скроете своё время, то не сможете видеть время \"был(а) в сети\" других.\n\n	Note: under Telegram rules, if you hide your own time, you won't be able to see others' \"last seen\" time either.\n\n
Eslatmalar	Заметки	Notes
Faol bo'lim	Активная вкладка	Active tab
Faolsizlar (	Неактивные (	Inactive (
Faqat foydalanuvchini qo'shish mumkin	Можно добавить только пользователя	Only a user can be added
Faqat kontaktda yo'qlar	Только не из контактов	Non-contacts only
Faqat kontaktlar	Только контакты	Contacts only
Farg'ona shahri	город Фергана	Fergana city
Farg'ona tumani	Ферганский район	Fergana District
Farg'ona viloyati	Ферганская область	Fergana Region
Fayl noto'g'ri	Неверный файл	Invalid file
Firibgarlikdan ogohlantirish	Предупреждение о мошенничестве	Scam warning
Fokus rejimi	Режим фокуса	Focus mode
Fokus rejimi, akkauntlar bo'yicha bildirishnoma va javobsiz xabar eslatmasi.	Режим фокуса, уведомления по аккаунтам и напоминание о неотвеченных сообщениях.	Focus mode, per-account notifications and unanswered message reminders.
Fokus vaqti	Время фокуса	Focus time
Fon	Фон	Background
Fonni vaqtga qarab almashtirish	Менять фон в зависимости от времени	Change background by time of day
Forish tumani	Фаришский район	Farish District
Formatsiz	Без форматирования	No formatting
Foydalanuvchi nomini tekshirish	Проверить имя пользователя	Check username
Foydalanuvchilar	Пользователи	Users
Furqat tumani	Фуркатский район	Furqat District
G'allaorol shahri	город Галляарал	Gallaorol city
G'allaorol tumani	Галляаральский район	Gallaorol District
G'azalkent shahri	город Газалкент	Gazalkent city
G'ijduvon shahri	город Гиждуван	Gijduvan city
G'ijduvon tumani	Гиждуванский район	Gijduvan District
G'ozg'on shahri	город Газган	Gozgon city
G'uzor shahri	город Гузар	Guzar city
G'uzor tumani	Гузарский район	Guzar District
GIF yuborishda	При отправке GIF	When sending GIFs
Gagarin shahri	город Гагарин	Gagarin city
Galaosiyo shahri	город Галаосиё	Galaosiyo city
Galereyani ochib bo'lmadi	Не удалось открыть галерею	Couldn't open the gallery
Gapiring…	Говорите…	Speak…
Gapiring… Pauza qilsangiz ham kutaman.\nTugatgach «Tayyor»ni bosing.	Говорите… Я подожду, даже если сделаете паузу.\nЗакончив, нажмите «Готово».	Speak… I'll wait even if you pause.\nWhen finished, tap «Done».
Google Tarjimon	Google Переводчик	Google Translate
Grafik kalit	Графический ключ	Pattern
Grafik kalit (tasvirli kod)	Графический ключ (узор)	Pattern (graphic code)
Grafik kalit saqlandi	Графический ключ сохранён	Pattern saved
Grafik kalit yarating	Создайте графический ключ	Create a pattern
Grafik kalitni chizing	Нарисуйте графический ключ	Draw your pattern
Grafik kalitni o'zgartirish	Изменить графический ключ	Change pattern
Grafik kalitni yana bir marta chizing	Нарисуйте графический ключ ещё раз	Draw the pattern again
Guliston shahri	город Гулистан	Gulistan city
Guliston tumani	Гулистанский район	Gulistan District
Gurlan tumani	Гурленский район	Gurlan District
Guruh yoki kanalga qo'shish	Добавить в группу или канал	Add to group or channel
Guruhga qo'shish	Добавить в группу	Add to group
Guruhlar	Группы	Groups
HAMMASINI NUSXALASH	КОПИРОВАТЬ ВСЁ	COPY ALL
Hali shablon yo'q. Ko'p yoziladigan gaplarni (manzil, karta raqami, \"hozir bandman\"…) qo'shing — keyin bir bosishda yozish maydoniga qo'yiladi.\n\nYozgan matningizni yuborish tugmasini uzoq bosib ham \"Shablonga saqlash\" mumkin.	Шаблонов пока нет. Добавьте часто используемые фразы (адрес, номер карты, \"сейчас занят\"…) — затем их можно вставить в поле ввода одним нажатием.\n\nТакже можно долго нажать кнопку отправки на набранном тексте и выбрать \"Сохранить как шаблон\".	No templates yet. Add phrases you type often (address, card number, \"busy right now\"…) — then insert them into the input field with one tap.\n\nYou can also long-press the send button on your typed text to \"Save as template\".
Hammasini belgilash	Выбрать все	Select all
Hammasini belgilash / bekor qilish	Выбрать все / снять выбор	Select all / deselect
Hammasini ko'rsatish	Показать все	Show all
Hammasini qabul qilish (	Принять все (	Accept all (
Hammasini rad etish (	Отклонить все (	Decline all (
Hammasini tiklash	Сбросить всё	Reset all
Haqqulobod shahri	город Хаккулабад	Haqqulabad city
Har 	Каждые 	Every 
Har bir mavzuning o'z milliy naqshli chat foni bor: Ko'k osmon — milliy naqsh, Feruza — girih, Oltin — suzani, Anor — anor, Paxta — paxta gullari, Atlas — abr naqshi. Material You ranglari telefon fon rasmidan olinadi (Android 12+).	У каждой темы свой фон чата с национальным узором: Голубое небо — национальный узор, Бирюза — гирих, Золото — сузане, Гранат — гранат, Хлопок — цветы хлопка, Атлас — узор абр. Цвета Material You берутся из обоев телефона (Android 12+).	Each theme has its own chat background with a national pattern: Blue Sky — national pattern, Turquoise — girih, Gold — suzani, Pomegranate — pomegranate, Cotton — cotton flowers, Atlas — abr pattern. Material You colors come from your phone's wallpaper (Android 12+).
Har bir milliy mavzuning o'z naqshli chat foni bor. \"Dizayn\" bo'limida har bir ekran rangini alohida o'zgartirish mumkin.	У каждой национальной темы свой узорчатый фон чата. В разделе \"Дизайн\" можно отдельно изменить цвет каждого экрана.	Each national theme has its own patterned chat background. In the \"Design\" section you can change the color of each screen separately.
Har bir xabar yonidagi ☁ tugmasi xabarni bir bosishda \"Saqlangan xabarlar\"ga saqlaydi. Uzatish taqiqlangan chatlarda chiqmaydi.	Кнопка ☁ рядом с каждым сообщением сохраняет его в \"Избранное\" одним нажатием. Не отображается в чатах, где запрещена пересылка.	The ☁ button next to each message saves it to \"Saved Messages\" in one tap. Not shown in chats where forwarding is restricted.
Har chatga bir marta	Один раз на чат	Once per chat
Havola	Ссылка	Link
Havola bilan birga uzatildi	Переслано вместе со ссылкой	Forwarded with link
Havola bilan birga uzatish	Переслать со ссылкой	Forward with link
Hayvonlar	Животные	Animals
Hech kim	Никто	Nobody
Hech narsa eshitilmadi	Ничего не слышно	Nothing heard
Hikoyalar	Истории	Stories
Hikoyalar panelini yashirish	Скрыть панель историй	Hide stories bar
Himoya yoqildi	Защита включена	Protection enabled
Hisob qo'shish	Добавить аккаунт	Add account
Hisoblagichda ovozsiz chatlar ham	Учитывать в счётчике чаты без звука	Include muted chats in counter
Hisoblangan vaqt: 	Расчётное время: 	Calculated time: 
Holat	Статус	Status
Holat (oxirgi marta)	Статус (был(а) в сети)	Status (last seen)
Hozir 	Сейчас 	Now 
Hozir yangilash	Обновить сейчас	Update now
Hozircha kutilayotgan so'rov yo'q.	Пока нет ожидающих заявок.	No pending requests yet.
Hozircha yashirilgan chat yo'q.\n\nYashirish uchun: chatni belgilab ⋮ → \"Yashirish\" yoki chat ichida ⋮ → \"Chatni yashirish\".	Скрытых чатов пока нет.\n\nЧтобы скрыть: выделите чат и нажмите ⋮ → \"Скрыть\" или внутри чата ⋮ → \"Скрыть чат\".	No hidden chats yet.\n\nTo hide: select a chat and tap ⋮ → \"Hide\", or inside the chat ⋮ → \"Hide chat\".
Hozircha yo'q. Kanal → ⋮ → \"Obunachilar kundaligi\" orqali qo'shing	Пока нет. Добавьте через канал → ⋮ → \"Дневник подписчиков\"	None yet. Add via channel → ⋮ → \"Subscriber log\"
ID nusxalandi: 	ID скопирован: 	ID copied: 
ID qatorini bossangiz, nusxalanadi. Yolg'on ism faqat sizning ekraningizda ko'rinadi (skrinshotlar uchun).	Нажмите на строку ID, чтобы скопировать. Ложное имя видно только на вашем экране (для скриншотов).	Tap the ID row to copy it. The fake name is visible only on your screen (for screenshots).
ID · nusxalash uchun bosing	ID · нажмите, чтобы скопировать	ID · tap to copy
Ikkalasi (almashib)	Оба (поочерёдно)	Both (alternating)
Ikonka tanlash	Выбрать иконку	Choose icon
Ikonkalar	Иконки	Icons
Ilova API kaliti Telegram tomonidan rad etildi (	API-ключ приложения отклонён Telegram (	The app's API key was rejected by Telegram (
Ilova Telegram FZ-LLC tomonidan ishlab chiqilmagan. U Telegram'ning ochiq manba kodi (GPL v2) asosida qurilgan va Telegram API'dan foydalanadi.\n\n	Приложение не разработано Telegram FZ-LLC. Оно создано на основе открытого исходного кода Telegram (GPL v2) и использует Telegram API.\n\n	This app is not developed by Telegram FZ-LLC. It is built on Telegram's open source code (GPL v2) and uses the Telegram API.\n\n
Ilova endi shu akkaunt bilan ochiladi	Теперь приложение будет открываться с этим аккаунтом	The app will now open with this account
Ilovada o'z ismingiz o'rniga shu ism ko'rinadi (masalan, skrinshot uchun). Boshqalar haqiqiy ismingizni ko'raveradi.	В приложении вместо вашего имени будет показано это имя (например, для скриншотов). Другие по-прежнему видят ваше настоящее имя.	This name is shown in the app instead of yours (e.g. for screenshots). Others still see your real name.
Imzo	Подпись	Signature
Indinga	Послезавтра	Day after tomorrow
Internet bilan muammo — ovoz tanilmadi	Проблема с интернетом — речь не распознана	Internet problem — speech not recognized
Internet orqali tarjima qilib bo'lmadi	Не удалось перевести через интернет	Couldn't translate online
Internetga ulanib bo'lmadi. Aloqani tekshirib, qayta urinib ko'ring.	Не удалось подключиться к интернету. Проверьте соединение и повторите попытку.	Couldn't connect to the internet. Check your connection and try again.
Iqtibos	Цитата	Quote
Ish	Работа	Work
Ishtixon shahri	город Иштыхан	Ishtikhan city
Ishtixon tumani	Иштыханский район	Ishtikhan District
Ism	Имя	Name
Ixcham	Компактный	Compact
Izboskan tumani	Избасканский район	Izboskan District
Izoh (bo'sh qoldirish mumkin)	Подпись (можно оставить пустой)	Caption (can be left empty)
Izoh matni	Текст подписи	Caption text
Jala	Ливень	Rain showers
Jalaquduq shahri	город Джалакудук	Jalaquduq city
Jalaquduq tumani	Джалакудукский район	Jalaquduq District
Jami	Всего	Total
Jarqo'rg'on shahri	город Джаркурган	Jarkurgan city
Jarqo'rg'on tumani	Джаркурганский район	Jarkurgan District
Javob berilganlar ro'yxatini tozalash	Очистить список отвеченных	Clear replied list
Javob matni	Текст ответа	Reply text
Javobsiz xabar eslatmasi	Напоминание о неотвеченном сообщении	Unanswered message reminder
Jild	Папка	Folder
Jild ikonkalari (faol)	Иконки папок (активные)	Folder icons (active)
Jild ikonkalari (nofaol)	Иконки папок (неактивные)	Folder icons (inactive)
Jild ikonkasi	Иконка папки	Folder icon
Jild nomi	Название папки	Folder name
Jild yashirildi. Qaytarish: Sozlamalar → MilliyGram → Jildlar	Папка скрыта. Вернуть: Настройки → MilliyGram → Папки	Folder hidden. To restore: Settings → MilliyGram → Folders
Jildlar	Папки	Folders
Jildlar, arxiv, tarjima, maxfiylik	Папки, архив, перевод, конфиденциальность	Folders, archive, translation, privacy
Jildlar, ikonkalar, toifalar va arxiv. Chatlarni ✓✓ bilan oraliqda, ☰ bilan hammasini belgilash mumkin.	Папки, иконки, категории и архив. Чаты можно выделять диапазоном через ✓✓ или все сразу через ☰.	Folders, icons, categories and archive. Select a range of chats with ✓✓ or all of them with ☰.
Jildlarni ikonkada ko'rsatish	Показывать папки иконками	Show folders as icons
Jildlarni tahrirlash	Изменить папки	Edit folders
Jildni uzoq bossangiz: tahrirlash, ikonka tanlash, tabni yashirish. Chatlarni belgilab ⋮ → \"Toifaga qo'shish\" orqali o'z toifalaringizni yarating.	Долгое нажатие на папку: изменить, выбрать иконку, скрыть вкладку. Выделите чаты и нажмите ⋮ → \"Добавить в категорию\", чтобы создать свои категории.	Long-press a folder: edit, choose an icon, hide the tab. Select chats and tap ⋮ → \"Add to category\" to create your own categories.
Jizzax shahri	город Джизак	Jizzakh city
Jizzax viloyati	Джизакская область	Jizzakh Region
Jomboy shahri	город Джамбай	Jomboy city
Jomboy tumani	Джамбайский район	Jomboy District
Jondor tumani	Жондорский район	Jondor District
Joriy rejimdagi barcha o'zgartirilgan ranglar asl holiga qaytadi.	Все изменённые цвета текущего режима будут сброшены к исходным.	All changed colors in the current mode will be reset to default.
Joy	Место	Place
Joylash	Вставить	Paste
Joylashuv	Местоположение	Location
Juda ko'p urinish bo'ldi. 	Слишком много попыток. 	Too many attempts. 
Juma shahri	город Джума	Juma city
Kamida 4 ta nuqtani birlashtiring	Соедините не менее 4 точек	Connect at least 4 dots
Kanal va guruhlardan chiqish	Выйти из каналов и групп	Leave channels and groups
Kanal va guruhlarni tozalash	Очистка каналов и групп	Clean up channels and groups
Kanalga qo'shish	Добавить в канал	Add to channel
Kanallar	Каналы	Channels
Kanallarni tozalash	Очистка каналов	Clean up channels
Kapsula	Капсула	Capsule
Karmana tumani	Карманинский район	Karmana District
Karta galereyaga saqlandi	Карточка сохранена в галерею	Card saved to gallery
Kartani yaratib bo'lmadi	Не удалось создать карточку	Couldn't create the card
Kasbi tumani	Касбийский район	Kasbi District
Katta shriftli oddiy rejim, silkitib yashirish va @username tekshirish shu yerda.	Простой режим с крупным шрифтом, скрытие встряхиванием и проверка @username — здесь.	Simple mode with large font, shake to hide and @username check are here.
Kattaqo'rg'on shahri	город Каттакурган	Kattakurgan city
Kattaqo'rg'on tumani	Каттакурганский район	Kattakurgan District
Kegeyli tumani	Кегейлийский район	Kegeyli District
Keles shahri	город Келес	Keles city
Kelgan xabar foni	Фон входящего сообщения	Incoming message background
Kelgan xabar matni	Текст входящего сообщения	Incoming message text
Kelgan xabar vaqti	Время входящего сообщения	Incoming message time
Kerakli qismini barmoq bilan belgilang	Выделите нужную часть пальцем	Select the part you need with your finger
Keshni tozalash	Очистить кэш	Clear cache
Keyin eslatish	Напомнить позже	Remind me later
Kimlarga	Кому	Who
Kimlarga javob berilsin?	Кому отвечать?	Who to reply to?
Kirganlar va chiqqanlar Telegram'ning rasmiy kanal statistikasidan olingan. ⚡ — odatdagidan keskin ko'p kirgan kun (reklama yoki nakrutka), 📉 — keskin ko'p chiqqan kun.	Подписки и отписки берутся из официальной статистики канала Telegram. ⚡ — день с резким всплеском подписок (реклама или накрутка), 📉 — день с резким всплеском отписок.	Joins and leaves come from Telegram's official channel statistics. ⚡ — a day with an unusually sharp spike in joins (ads or fake boosting), 📉 — a day with a sharp spike in leaves.
Kirganlar va chiqqanlar admin jurnalidan yig'iladi. Telegram jurnalni faqat 48 soat saqlaydi, shuning uchun ma'lumot kuzatish yoqilgan kundan boshlab to'planadi.	Подписки и отписки собираются из журнала действий. Telegram хранит журнал только 48 часов, поэтому данные накапливаются с момента включения отслеживания.	Joins and leaves are collected from the admin log. Telegram keeps the log for only 48 hours, so data accumulates from the day tracking is turned on.
Kirill yozuvida	Кириллицей	In Cyrillic
Kirillga o'girish	В кириллицу	Convert to Cyrillic
Kirish	Войти	Log in
Kirish kodi	Код входа	Access code
Kiritishda tebranish	Вибрация при вводе	Vibrate on input
Kitob shahri	город Китаб	Kitab city
Kitob tumani	Китабский район	Kitab District
Ko'k osmon	Голубое небо	Blue sky
Ko'kdala tumani	Кукдалинский район	Kukdala District
Ko'p xabari o'qilmay yotgan va uzoq vaqt jim turgan kanal/guruhlar. Keraksizlarini belgilab, birdaniga chiqib keting. O'zingiz yaratganlar va mahkamlanganlar ko'rsatilmaydi.	Каналы/группы с большим числом непрочитанных сообщений, долго не проявлявшие активности. Отметьте ненужные и выйдите из них разом. Созданные вами и закреплённые не показываются.	Channels/groups with many unread messages that have been quiet for a long time. Select the ones you don't need and leave them all at once. Ones you created and pinned ones are not shown.
Ko'p yoziladigan gaplarni saqlang: chat → ⋮ → \"Tezkor shablonlar\" orqali bir bosishda qo'yiladi. Xabarni uzoq bosib \"Lotinga/Kirillga o'girish\" va \"Keyin eslatish\" ham mavjud.	Сохраняйте часто используемые фразы: чат → ⋮ → \"Быстрые шаблоны\" — вставляются одним нажатием. Долгим нажатием на сообщение также доступны \"Перевести в латиницу/кириллицу\" и \"Напомнить позже\".	Save phrases you type often: chat → ⋮ → \"Quick templates\" inserts them in one tap. Long-pressing a message also offers \"Convert to Latin/Cyrillic\" and \"Remind me later\".
Ko'rib chiqish	Просмотреть	Review
Ko'rinish	Вид	Appearance
Ko'rinish uslubi	Стиль отображения	Display style
Ko'rinmas grafik kalit	Невидимый графический ключ	Invisible pattern
Ko'rsatish	Показать	Show
Kod	Код	Code
Kod o'chiriladi va barcha chatlar qulfdan chiqariladi.	Код будет удалён, а все чаты — разблокированы.	The code will be removed and all chats unlocked.
Kod o'rnatish	Установить код	Set code
Kod turi	Тип кода	Code type
Kodni va barcha qulflarni o'chirish	Удалить код и все блокировки	Remove code and all locks
Kogon shahri	город Каган	Kagan city
Kogon tumani	Каганский район	Kagan District
Konimex tumani	Канимехский район	Konimekh District
Konstitutsiya kuni 📜	День Конституции 📜	Constitution Day 📜
Kontaktingizda bo'lmagan odamlarning shaxsiy chatlari asosiy ro'yxatdan olinib, \"Notanishlar\" jildiga tushadi va ovozsiz bo'ladi. Chatni asosiy ro'yxatga qaytarish: belgilab ⋮ → \"Notanish emas\". Faqat joriy akkaunt uchun.	Личные чаты с людьми не из ваших контактов убираются из основного списка, попадают в папку \"Незнакомцы\" и отключаются звуком. Вернуть чат в основной список: выделите его → ⋮ → \"Не незнакомец\". Только для текущего аккаунта.	Private chats with people not in your contacts are removed from the main list, moved to the \"Strangers\" folder and muted. To return a chat to the main list: select it → ⋮ → \"Not a stranger\". Current account only.
Kontaktlar ekrani	Экран контактов	Contacts screen
Koson shahri	город Касан	Kasan city
Koson tumani	Касанский район	Kasan District
Kosonsoy shahri	город Касансай	Kasansay city
Kosonsoy tumani	Касансайский район	Kasansay District
Kun	День	Day
Kun davomida fon	Фон в течение дня	Background throughout the day
Kun vaqtiga qarab fon	Фон по времени суток	Background by time of day
Kunduzgi mavzular	Дневные темы	Day themes
Kuniga bir marta	Раз в день	Once a day
Kunlar bo'yicha: kirdi / chiqdi	По дням: подписались / отписались	By day: joined / left
Kutilayotgan so'rovlar: 	Ожидающие заявки: 	Pending requests: 
Kuzatilayotgan kanallar	Отслеживаемые каналы	Tracked channels
Lokal jildlar	Локальные папки	Local folders
Lokal jildlar faqat shu telefonda ishlaydi, serverga yuborilmaydi va Telegram jild limitiga kirmaydi.	Локальные папки работают только на этом телефоне, не отправляются на сервер и не учитываются в лимите папок Telegram.	Local folders work only on this phone, are not sent to the server and do not count toward Telegram's folder limit.
Lokal jildlar va ikonkalar	Локальные папки и иконки	Local folders and icons
Lokal jildlar, ikonkalar va yashirin jildlar	Локальные папки, иконки и скрытые папки	Local folders, icons and hidden folders
Lotin yozuvida	Латиницей	In Latin
Lotinga o'girish	В латиницу	Convert to Latin
Ma'lum sonini qabul qilish…	Принять определённое количество…	Accept a specific number…
Ma'lum sonini rad etish…	Отклонить определённое количество…	Decline a specific number…
Ma'lumot yig'ilmoqda… Birinchi yozuv hozir olinadi, grafik bir necha kundan keyin to'liq ko'rinadi.	Сбор данных… Первая запись будет сделана сейчас, график полностью появится через несколько дней.	Collecting data… The first record is taken now; the chart will be complete in a few days.
Mahkamlangan chat foni	Фон закреплённого чата	Pinned chat background
Mang'it shahri	город Мангит	Mangit city
Marg'ilon shahri	город Маргилан	Margilan city
Marhamat shahri	город Мархамат	Marhamat city
Marxamat tumani	Мархаматский район	Marhamat District
Masalan: Foydalanuvchi	Например: Пользователь	For example: User
Masalan: Ish akkaunti	Например: Рабочий аккаунт	For example: Work account
Masalan: Manzilim — Toshkent, Chilonzor 5-kvartal	Например: Мой адрес — Ташкент, Чиланзар, 5-й квартал	For example: My address — Tashkent, Chilanzar, block 5
Masalan: Salom! Hozir band edim, tez orada javob beraman.	Например: Здравствуйте! Сейчас занят, скоро отвечу.	Example: Hi! I'm busy right now, I'll reply soon.
Masalan: 👉 @mening_kanalim	Например: 👉 @moy_kanal	For example: 👉 @my_channel
Matn noto'g'ri. MilliyGram'dan nusxalangan matnni joylang	Неверный текст. Вставьте текст, скопированный из MilliyGram	Invalid text. Paste text copied from MilliyGram
Matn nusxalandi	Текст скопирован	Text copied
Matnning bir qismidan nusxa olish	Копировать часть текста	Copy part of text
Mavzu faylini (.mgtheme) quyidagi papkaga joylang va qayta urinib ko'ring:\n\n	Поместите файл темы (.mgtheme) в эту папку и попробуйте снова:\n\n	Place the theme file (.mgtheme) in this folder and try again:\n\n
Mavzu faylini qo'llash	Применить файл темы	Apply theme file
Mavzu fayllari yo'q	Нет файлов тем	No theme files
Mavzu qo'llanildi: 	Тема применена: 	Theme applied: 
Mavzu rangi	Цвет темы	Theme color
Mavzu saqlandi	Тема сохранена	Theme saved
Mavzu sozlamalarini tiklash	Сбросить настройки темы	Reset theme settings
Mavzular	Темы	Themes
Mavzular, ranglar, chat foni	Темы, цвета, фон чата	Themes, colors, chat background
Mavzuni saqlab bo'lmadi	Не удалось сохранить тему	Failed to save theme
Mavzuni saqlash	Сохранить тему	Save theme
Mavzuni ulashish	Поделиться темой	Share theme
Maxfiy	Личное	Private
Maxfiy chatlar	Секретные чаты	Secret chats
Maxfiylik sozlamalari yuklanmoqda. Bir necha soniyadan keyin qayta urinib ko'ring.	Загружаются настройки конфиденциальности. Попробуйте снова через несколько секунд.	Privacy settings are loading. Try again in a few seconds.
Maxfiylik va xavfsizlik	Конфиденциальность и безопасность	Privacy and Security
Maxsus uzatildi	Особая пересылка выполнена	Custom forward done
Maxsus uzatildi: 	Особая пересылка выполнена: 	Custom forward done: 
Maxsus uzatish	Особая пересылка	Custom forward
Maxsus uzatish bitta xabar yoki bitta albom uchun ishlaydi	Особая пересылка работает только для одного сообщения или одного альбома	Custom forward works for a single message or a single album only
Maxsus uzatishda \"Imzo\" tugmasi bosilganda xabar oxiriga qo'shiladi.	При особой пересылке добавляется в конец сообщения по нажатию кнопки \"Подпись\".	In custom forward, appended to the end of the message when the \"Signature\" button is tapped.
Mayda yomg'ir	Морось	Drizzle
Mediani ham yuborish	Отправить и медиа	Send media too
Mening guruhlarim	Мои группы	My groups
Mening kanallarim	Мои каналы	My channels
Mening xabarim foni	Фон моего сообщения	My message background
Mening xabarim matni	Текст моего сообщения	My message text
Mening xabarim vaqti	Время моего сообщения	My message time
Mikrofonga ruxsat bering va qayta bosing	Разрешите доступ к микрофону и нажмите снова	Allow microphone access and tap again
Mikrofonga ruxsat yo'q	Нет доступа к микрофону	No microphone access
Milliy mavzular va chat fonlari	Национальные темы и фоны чатов	National themes and chat backgrounds
Milliy naqshli mavzular va chat foni.	Темы с национальными узорами и фон чата.	Themes with national patterns and chat background.
MilliyGram dizaynidan foydalanish	Использовать дизайн MilliyGram	Use MilliyGram design
MilliyGram haqida	О MilliyGram	About MilliyGram
MilliyGram mavzulari	Темы MilliyGram	MilliyGram themes
MilliyGram sozlamalari	Настройки MilliyGram	MilliyGram settings
MilliyGram — Telegram'ning ochiq manba kodi asosida qurilgan norasmiy klient.	MilliyGram — неофициальный клиент, созданный на основе открытого исходного кода Telegram.	MilliyGram is an unofficial client built on Telegram's open source code.
MilliyGram — chat eksporti\n	MilliyGram — экспорт чата\n	MilliyGram — chat export\n
MilliyGram — milliy dizayndagi norasmiy Telegram klienti.\n\n	MilliyGram — неофициальный клиент Telegram с национальным дизайном.\n\n	MilliyGram is an unofficial Telegram client with a national design.\n\n
Mingbuloq tumani	Мингбулакский район	Mingbulak District
Mirishkor tumani	Миришкорский район	Mirishkor District
Mirobod tumani	Мирабадский район	Mirabad District
Mirzacho'l tumani	Мирзачульский район	Mirzachul District
Mirzaobod tumani	Мирзаабадский район	Mirzaabad District
Mirzo Ulug'bek tumani	Мирзо-Улугбекский район	Mirzo Ulugbek District
Mo'ynoq shahri	город Муйнак	Muynak city
Mo'ynoq tumani	Муйнакский район	Muynak District
Momaqaldiroq	Гроза	Thunderstorm
Monoshrift	Моноширинный	Monospace
Mos kelmadi. Qaytadan boshlang	Не совпадает. Начните заново	Doesn't match. Start over
Moviy	Синий	Blue
Muborak shahri	город Мубарек	Mubarek city
Muborak tumani	Мубарекский район	Mubarek District
Musiqa	Музыка	Music
Mustaqillik kuni muborak! 🇺🇿	С Днём независимости! 🇺🇿	Happy Independence Day! 🇺🇿
Muzlovchi yomg'ir	Ледяной дождь	Freezing rain
Muzrabot tumani	Музрабадский район	Muzrabad District
Namangan shahri	город Наманган	Namangan city
Namangan tumani	Наманганский район	Namangan District
Namangan viloyati	Наманганская область	Namangan Region
Namoz vaqti	Время намаза	Prayer time
Namoz vaqti kirganini eslatish	Напоминание о времени намаза	Prayer time reminder
Namoz vaqti va ob-havo	Время намаза и погода	Prayer time and weather
Namoz vaqtini eslatish	Напоминать о времени намаза	Prayer time reminder
Namoz vaqtlari	Время намазов	Prayer times
Namoz vaqtlari va ob-havo	Время намазов и погода	Prayer times and weather
Narpay tumani	Нарпайский район	Narpay District
Natija: 	Результат: 	Result: 
Navbahor tumani	Навбахорский район	Navbahor District
Navoiy shahri	город Навои	Navoi city
Navoiy viloyati	Навоийская область	Navoi Region
Navro'z muborak! 🌱	С Наврузом! 🌱	Happy Navruz! 🌱
Nechtasi?	Сколько?	How many?
Nimaga (masalan: @mening_kanalim)	На что (например: @my_channel)	Replace with (e.g. @my_channel)
Nimani (masalan: @eski_kanal)	Что (например: @old_channel)	Replace what (e.g. @old_channel)
Nimani ko'rsatish	Что показывать	What to show
Nishon tumani	Нишанский район	Nishan District
Nofaol belgilar	Неактивные значки	Inactive icons
Noma'lum	Неизвестно	Unknown
Noma'lum xato	Неизвестная ошибка	Unknown error
Nomi	Название	Name
Nomini o'zgartirish	Переименовать	Rename
Norin tumani	Нарынский район	Naryn District
Notanish emas	Не незнакомец	Not a stranger
Notanishlar	Незнакомцы	Strangers
Notanishlardan bildirishnoma	Уведомления от незнакомцев	Notifications from strangers
Notanishlardan himoya	Защита от незнакомцев	Stranger protection
Notanishlarga qaytarish	Вернуть в «Незнакомцы»	Move back to Strangers
Noto'g'ri qiymat	Неверное значение	Invalid value
Noto'g'ri. Qayta urinib ko'ring	Неверно. Попробуйте снова	Incorrect. Try again
Nukus shahri	город Нукус	Nukus city
Nukus tumani	Нукусский район	Nukus District
Nurafshon shahri	город Нурафшан	Nurafshan city
Nurobod shahri	город Нурабад	Nurabad city
Nurobod tumani	Нурабадский район	Nurabad District
Nurota shahri	город Нурата	Nurata city
Nurota tumani	Нуратинский район	Nurata District
Nusxalandi	Скопировано	Copied
Nusxalangan matnni shu yerga joylang	Вставьте скопированный текст сюда	Paste the copied text here
Nusxalash	Копировать	Copy
O'chirganingizda avvalgi sozlamalaringiz aynan tiklanadi.	При выключении ваши прежние настройки будут восстановлены в точности.	When turned off, your previous settings are restored exactly.
O'chirilgan	Выключено	Off
O'chirilgan akkauntdan bildirishnoma kelmaydi. Akkauntlar ro'yxatida ⚙ tugmasi orqali ham o'zgartirish mumkin.	От отключённого аккаунта уведомления не приходят. Изменить также можно кнопкой ⚙ в списке аккаунтов.	Disabled accounts don't send notifications. You can also change this with the ⚙ button in the account list.
O'chirilgan hisoblarni tozalash	Очистить удалённые аккаунты	Clean up deleted accounts
O'chirilsa, doira video orqa kamera bilan boshlanadi. Galereyadagi videoni doira qilib yuborish: videoni tanlang → pastdagi ⏺ (kamera) tugmasini bosing. Bir martalik ovozli xabar: chat → ⋮ → \"Bir martalik ovoz\". Gapirib yozish (tarjima bilan): chat → ⋮ → \"Ovoz bilan yozish\".	Если выключено, видеосообщение начинается с задней камеры. Отправить видео из галереи кружком: выберите видео → нажмите кнопку ⏺ (камера) внизу. Одноразовое голосовое: чат → ⋮ → \"Одноразовое голосовое\". Голосовой ввод (с переводом): чат → ⋮ → \"Голосовой ввод\".	When off, video messages start with the rear camera. To send a gallery video as a round video: select the video → tap the ⏺ (camera) button below. One-time voice message: chat → ⋮ → \"One-time voice\". Voice typing (with translation): chat → ⋮ → \"Voice typing\".
O'chirish	Выключить	Turn off
O'qilgan	Прочитанные	Read
O'qilmagan	Непрочитанные	Unread
O'qilmaganlar	Непрочитанные	Unread
O'qilmaganlar belgisi	Значок непрочитанных	Unread badge
O'qilmay yotgan va faolsiz kanal/guruhlarni topib, birdaniga chiqib ketish.	Найти непрочитанные и неактивные каналы/группы и выйти из них разом.	Find unread and inactive channels/groups and leave them all at once.
O'qilmayotganlar (	Непрочитанные (	Unread (
O'rtachirchiq tumani	Уртачирчикский район	Urtachirchik District
O'rtasiga chizilgan	Зачёркнутый	Strikethrough
O'zbek tili bayrami 📖	Праздник узбекского языка 📖	Uzbek Language Day 📖
O'zbekiston tumani	Узбекистанский район	Uzbekistan District
Ob-havo	Погода	Weather
Ob-havo Open-Meteo xizmatidan olinadi (internet kerak), har 30 daqiqada yangilanadi.	Погода берётся из сервиса Open-Meteo (нужен интернет), обновляется каждые 30 минут.	Weather comes from Open-Meteo (internet required) and updates every 30 minutes.
Ob-havo olinmadi — internetni tekshiring	Не удалось получить погоду — проверьте интернет	Couldn't get weather — check your internet
Ob-havo yuklanmoqda… (internet kerak)\n\n	Загрузка погоды… (нужен интернет)\n\n	Loading weather… (internet required)\n\n
Ob-havoni yangilash	Обновить погоду	Refresh weather
Obunachi soni har 	Число подписчиков автоматически записывается каждые 	Subscriber count is recorded automatically every 
Obunachi soni muntazam yozib boriladi va grafik chiziladi: reklama bergan yoki nakrutka kirgan kunlar ko'rinib turadi. Istalgan kanalni qo'shish: kanal → ⋮ → \"Obunachilar kundaligi\". Har tekshiruv bitta kichik so'rov, ilova tezligiga ta'sir qilmaydi.	Число подписчиков регулярно записывается и строится график: видны дни рекламы или накрутки. Добавить любой канал: канал → ⋮ → \"Дневник подписчиков\". Каждая проверка — один небольшой запрос, на скорость приложения не влияет.	Subscriber count is recorded regularly and plotted on a chart: days with ads or fake boosts stand out. Add any channel: channel → ⋮ → \"Subscriber log\". Each check is one small request and doesn't affect app speed.
Obunachilar kundaligi	Журнал подписчиков	Subscriber log
Ochiq osmon	Ясно	Clear sky
Oddiy (o'chirilgan)	Обычный (выключено)	Regular (off)
Oddiy matn	Обычный текст	Plain text
Oddiy rejim (katta shrift)	Простой режим (крупный шрифт)	Simple mode (large font)
Oddiy rejimda xabarlar kattaroq shriftda ko'rinadi. Bayram kunlari sarlavhada tabrik chiqadi. Telefonni silkitsangiz, yashirin bo'lim va qulflangan chatlar darhol yopiladi.	В простом режиме сообщения отображаются более крупным шрифтом. В праздничные дни в заголовке появляется поздравление. Если встряхнуть телефон, скрытый раздел и заблокированные чаты сразу закроются.	In simple mode, messages appear in a larger font. On holidays, a greeting appears in the header. Shake your phone to instantly close the hidden section and locked chats.
Ohangaron shahri	город Ахангаран	Akhangaran city
Ohangaron tumani	Ахангаранский район	Akhangaran District
Old kamera bilan boshlash	Начинать с фронтальной камеры	Start with front camera
Olmaliq shahri	город Алмалык	Almalyk city
Olmazor tumani	Алмазарский район	Almazar District
Olot shahri	город Алат	Alat city
Olot tumani	Алатский район	Alat District
Oltiariq tumani	Алтыарыкский район	Altiariq District
Oltin	Золотой	Gold
Oltinko'l tumani	Алтынкульский район	Altinkul District
Oltinsoy tumani	Алтынсайский район	Altinsay District
Onlayn doirasi	Индикатор «в сети»	Online indicator
Onlayn holati	Статус «в сети»	Online status
Oqdaryo tumani	Акдарьинский район	Akdarya District
Oqoltin tumani	Акалтынский район	Akaltin District
Oqqo'rg'on shahri	город Аккурган	Akkurgan city
Oqqo'rg'on tumani	Аккурганский район	Akkurgan District
Oraliqdagi hamma chatlar allaqachon belgilangan	Все чаты в диапазоне уже выбраны	All chats in the range are already selected
Oraliqdagi hamma xabarlar allaqachon belgilangan	Все сообщения в диапазоне уже выбраны	All messages in the range are already selected
Oraliqni belgilash	Выбрать диапазон	Select range
Oraliqni belgilash uchun avval ikkita chatni belgilang: birinchisini va oxirgisini	Чтобы выбрать диапазон, сначала выберите два чата: первый и последний	To select a range, first select two chats: the first and the last
Oraliqni belgilash uchun avval ikkita xabarni belgilang: birinchisini va oxirgisini	Чтобы выбрать диапазон, сначала выберите два сообщения: первое и последнее	To select a range, first select two messages: the first and the last
Orqaga	Назад	Back
Ovoz	Звук	Sound
Ovoz bilan yozish	Голосовой ввод	Voice typing
Ovoz oynasini ochib bo'lmadi	Не удалось открыть окно голосового ввода	Couldn't open voice input
Ovozli xabarda (avval tinglash)	В голосовом сообщении (сначала прослушать)	For voice messages (listen first)
Ovozsiz	Без звука	Muted
Ovozsiz chatlar belgisi	Значок чатов без звука	Muted chats badge
Ovozsiz yuborish	Отправить без звука	Send without sound
Oxirgi xabar matni	Текст последнего сообщения	Last message text
PIN kod	PIN-код	PIN code
PIN kod (4 raqam)	PIN-код (4 цифры)	PIN code (4 digits)
PIN kod saqlandi	PIN-код сохранён	PIN code saved
PIN kod yarating	Создайте PIN-код	Create a PIN code
PIN kodni kiriting	Введите PIN-код	Enter PIN code
PIN kodni o'zgartirish	Изменить PIN-код	Change PIN code
PIN kodni takrorlang	Повторите PIN-код	Repeat PIN code
Parkent shahri	город Паркент	Parkent city
Parkent tumani	Паркентский район	Parkent District
Parolsiz kirish	Вход без пароля	Passwordless entry
Pastdarg'om tumani	Пастдаргомский район	Pastdargom District
Pastga tushish tugmasi	Кнопка прокрутки вниз	Scroll-down button
Pastki menyu	Нижнее меню	Bottom menu
Paxta gullari	Цветы хлопка	Cotton flowers
Paxtachi tumani	Пахтачийский район	Pakhtachi District
Paxtakor shahri	город Пахтакор	Pakhtakor city
Paxtakor tumani	Пахтакорский район	Pakhtakor District
Paxtaobod shahri	город Пахтаабад	Pakhtaabad city
Paxtaobod tumani	Пахтаабадский район	Pakhtaabad District
Payariq shahri	город Пайарык	Payariq city
Payariq tumani	Пайарыкский район	Payariq District
Peshin	Зухр	Dhuhr
Peshku tumani	Пешкунский район	Peshku District
Piskent shahri	город Пскент	Piskent city
Piskent tumani	Пскентский район	Piskent District
Pitnak shahri	город Питнак	Pitnak city
Pop shahri	город Пап	Pap city
Pop tumani	Папский район	Pap District
Poytug' shahri	город Пайтуг	Paytug city
Profil	Профиль	Profile
Profil kartam (QR bilan)	Моя карточка профиля (с QR)	My profile card (with QR)
Profil kartasi	Карточка профиля	Profile card
Profil kartasini ulashish	Поделиться карточкой профиля	Share profile card
Profil sarlavhasi foni	Фон шапки профиля	Profile header background
Profilda ID ko'rsatish	Показывать ID в профиле	Show ID in profile
Profilingizni chiroyli vizitka rasmiga aylantiring va ulashing. Kanal yoki guruh kartasi: chat → ⋮ → \"Profil kartasi (QR)\".	Превратите свой профиль в красивую визитку и поделитесь ею. Карточка канала или группы: чат → ⋮ → \"Карточка профиля (QR)\".	Turn your profile into a beautiful business card image and share it. Channel or group card: chat → ⋮ → \"Profile card (QR)\".
Profillar	Профили	Profiles
Proksi menejeri	Менеджер прокси	Proxy manager
QR kod orqali kirish	Войти по QR-коду	Log in with QR code
Qabul qilindi: 	Принято: 	Accepted: 
Qabul qilinmoqda	Принятие	Accepting
Qachon	Когда	When
Qachon eslatay?	Когда напомнить?	When should I remind you?
Qachon eslatilsin?	Когда напоминать?	When to remind?
Qalin	Жирный	Bold
Qamashi shahri	город Камаши	Kamashi city
Qamashi tumani	Камашинский район	Kamashi District
Qancha vaqtdan keyin	Через какое время	After how long
Qanchalik tez-tez	Как часто	How often
Qanchalik tez-tez yozilsin	Как часто записывать	How often to record
Qanliko'l tumani	Канлыкульский район	Kanlikul District
Qarshi shahri	город Карши	Karshi city
Qarshi tumani	Каршинский район	Karshi District
Qashqadaryo viloyati	Кашкадарьинская область	Kashkadarya Region
Qaysi namozlar	Какие намазы	Which prayers
Qaysi namozlar eslatilsin?	О каких намазах напоминать?	Which prayers to remind about?
Qaysi shablon?	Какой шаблон?	Which template?
Qaysi tilga tarjima qilinsin?	На какой язык перевести?	Translate to which language?
Qaysi vaqtni tuzatasiz?	Какое время скорректировать?	Which time to adjust?
Qayta yuklash	Перезагрузить	Reload
Qibray tumani	Кибрайский район	Kibray District
Qidiruv	Поиск	Search
Qisman bulutli	Переменная облачность	Partly cloudy
Qisqacha tanishtiruv	Краткое знакомство	Quick tour
Qiya	Курсив	Italic
Qiymat noto'g'ri — saqlanmadi	Неверное значение — не сохранено	Invalid value — not saved
Qiymatlar	Значения	Values
Qiziltepa shahri	город Кызылтепа	Kiziltepa city
Qiziltepa tumani	Кызылтепинский район	Kiziltepa District
Qiziriq tumani	Кизирикский район	Kiziriq District
Qo'llanildi: 	Применено: 	Applied: 
Qo'ng'irot shahri	город Кунград	Kungrad city
Qo'ng'irot tumani	Кунградский район	Kungrad District
Qo'qon shahri	город Коканд	Kokand city
Qo'rg'ontepa shahri	город Кургантепа	Kurgantepa city
Qo'rg'ontepa tumani	Кургантепинский район	Kurgantepa District
Qo'shildi: 	Добавлено: 	Added: 
Qo'shilish so'rovlari	Заявки на вступление	Join requests
Qo'shish	Добавить	Add
Qo'shko'pir tumani	Кошкупырский район	Koshkupir District
Qo'shrabot tumani	Кошрабадский район	Koshrabad District
Qo'shtepa tumani	Куштепинский район	Kushtepa District
Qor	Снег	Snow
Qor yog'ishi	Снегопад	Snowfall
Qorako'l shahri	город Каракуль	Karakul city
Qorako'l tumani	Каракульский район	Karakul District
Qorao'zak tumani	Караузякский район	Karauzyak District
Qoraqalpog'iston Respublikasi	Республика Каракалпакстан	Republic of Karakalpakstan
Qorasuv shahri	город Карасу	Karasu city
Qoraytirish	Затемнение	Dimming
Qoraytirish (matn o'qilishi uchun)	Затемнение (для читаемости текста)	Dimming (for text readability)
Qorovulbozor shahri	город Караулбазар	Karaulbazar city
Qorovulbozor tumani	Караулбазарский район	Karaulbazar District
Qulaylik	Удобство	Convenience
Qulf	Блокировка	Lock
Qulf ekranida animatsiyali fon	Анимированный фон на экране блокировки	Animated lock screen background
Qulflangan chat ochilganda kod so'raladi. Chatni qulflash: chat ichida ⋮ → \"Chatni qulflash\".	При открытии заблокированного чата будет запрошен код. Чтобы заблокировать чат: в чате ⋮ → \"Заблокировать чат\".	A code will be required when opening a locked chat. To lock a chat: in the chat tap ⋮ → \"Lock chat\".
Qulflangan chatlar: 	Заблокированные чаты: 	Locked chats: 
Qulflash / Qulfni olish	Заблокировать / Разблокировать	Lock / Unlock
Qulfni olish	Снять блокировку	Unlock
Qumqo'rg'on shahri	город Кумкурган	Kumkurgan city
Qumqo'rg'on tumani	Кумкурганский район	Kumkurgan District
Quva shahri	город Кува	Kuva city
Quva tumani	Кувинский район	Kuva District
Quvasoy shahri	город Кувасай	Kuvasay city
Quyichirchiq tumani	Куйичирчикский район	Kuyichirchik District
Quyosh	Восход	Sunrise
Quyosh chiqishi	Восход	Sunrise
Rad etildi: 	Отклонено: 	Declined: 
Rad etilmoqda	Отклонение	Declining
Rang	Цвет	Color
Rang tusi	Оттенок	Hue
Rangli	Цветной	Colorful
Rangni tanlash uchun bosing. \"Standart\" tugmasi rangni mavzudagi asl holiga qaytaradi. Kunduzgi va tungi rejim ranglari alohida saqlanadi.	Нажмите, чтобы выбрать цвет. Кнопка \"Стандарт\" возвращает цвет к исходному в теме. Цвета дневного и ночного режимов сохраняются отдельно.	Tap to choose a color. The \"Default\" button restores the theme's original color. Day and night mode colors are saved separately.
Reaksiya bildirganlar	Отреагировавшие	Reacted
Reaksiyalar	Реакции	Reactions
Rishton shahri	город Риштан	Rishtan city
Rishton tumani	Риштанский район	Rishtan District
Ro'yxat yuklanmoqda… 	Загрузка списка… 	Loading list… 
Ro'yxatdagi hamma chatlar allaqachon belgilangan	Все чаты в списке уже выбраны	All chats in the list are already selected
Ro'yxatni olib bo'lmadi	Не удалось получить список	Couldn't load the list
Ro'yxatni olib bo'lmadi: 	Не удалось получить список: 	Couldn't load the list: 
Romitan shahri	город Ромитан	Romitan city
Romitan tumani	Ромитанский район	Romitan District
SMS kod so'rash	Запрос SMS-кода	Asking for an SMS code
Samarqand shahri	город Самарканд	Samarkand city
Samarqand tumani	Самаркандский район	Samarkand District
Samarqand viloyati	Самаркандская область	Samarkand Region
Sana: 	Дата: 	Date: 
Saqlab bo'lmadi	Не удалось сохранить	Couldn't save
Saqlandi	Сохранено	Saved
Saqlangan xabarlarga saqlandi	Сохранено в Избранное	Saved to Saved Messages
Saqlash	Сохранить	Save
Sardoba tumani	Сардобинский район	Sardoba District
Sariosiyo tumani	Сариасийский район	Sariasiya District
Sarlavha foni	Фон заголовка	Header background
Sarlavha ikonkalari	Иконки заголовка	Header icons
Sarlavha matni	Текст заголовка	Header text
Sayohat	Путешествия	Travel
Sayxunobod tumani	Сайхунабадский район	Saykhunabad District
Shablon saqlandi. Chat → ⋮ → \"Tezkor shablonlar\"	Шаблон сохранён. Чат → ⋮ → \"Быстрые шаблоны\"	Template saved. Chat → ⋮ → \"Quick templates\"
Shablonga saqlash	Сохранить как шаблон	Save as template
Shablonlarni boshqarish	Управление шаблонами	Manage templates
Shablonni tahrirlash	Изменить шаблон	Edit template
Shahar / tuman	Город / район	City / district
Shahrisabz shahri	город Шахрисабз	Shakhrisabz city
Shahrisabz tumani	Шахрисабзский район	Shakhrisabz District
Shahrixon shahri	город Шахрихан	Shahrikhan city
Sharg'un shahri	город Шаргунь	Shargun city
Sharof Rashidov tumani	Шараф-Рашидовский район	Sharof Rashidov District
Sharpa rejimi	Режим призрака	Ghost mode
Sharpa rejimi yoqildi	Режим призрака включён	Ghost mode enabled
Shaxrixon tumani	Шахриханский район	Shahrikhan District
Shaxsiy chatga kelgan xabarga avtomatik javob yuboriladi. Siz o'zingiz yozgan chatga tanlangan vaqt ichida qayta avto-javob ketmaydi. Botlar va Telegram xizmat akkauntlariga javob berilmaydi. Ilova ishlab turgan paytda ishlaydi.	На сообщения в личных чатах автоматически отправляется ответ. В чат, куда вы сами писали, повторный автоответ в течение выбранного времени не отправляется. Ботам и служебным аккаунтам Telegram ответ не отправляется. Работает, пока приложение запущено.	Incoming messages in private chats get an automatic reply. Chats you've written to yourself won't get another auto-reply within the chosen time. Bots and Telegram service accounts aren't replied to. Works while the app is running.
Shaxsiy chatga kelgan xabarni belgilangan vaqt ichida o'qimasangiz, telefon bir marta jiringlab eslatadi. Xabarni o'qishingiz bilan eslatma bekor bo'ladi. Ovozi o'chirilgan, yashirin va notanish chatlar hisobga olinmaydi.	Если вы не прочитаете сообщение в личном чате в течение заданного времени, телефон один раз позвонит, чтобы напомнить. Как только вы прочитаете сообщение, напоминание отменится. Чаты без звука, скрытые и чаты незнакомцев не учитываются.	If you don't read a private chat message within the set time, your phone rings once to remind you. The reminder is cancelled as soon as you read it. Muted, hidden and stranger chats are ignored.
Shayxontoxur tumani	Шайхантахурский район	Shaykhantakhur District
Sherobod shahri	город Шерабад	Sherabad city
Sherobod tumani	Шерабадский район	Sherabad District
Shirin shahri	город Ширин	Shirin city
Sho'rchi shahri	город Шурчи	Shurchi city
Sho'rchi tumani	Шурчинский район	Shurchi District
Shofirkon shahri	город Шафиркан	Shafirkan city
Shofirkon tumani	Шафирканский район	Shafirkan District
Shom	Вечер	Dusk
Shovot tumani	Шаватский район	Shavat District
Shu chat uchun alohida PIN kod	Отдельный PIN-код для этого чата	Separate PIN code for this chat
Shu chat uchun alohida grafik kalit	Отдельный графический ключ для этого чата	Separate pattern for this chat
Shumanay shahri	город Шуманай	Shumanay city
Shumanay tumani	Шуманайский район	Shumanay District
Silkitib yashirish	Скрыть встряхиванием	Shake to hide
Sirdaryo shahri	город Сырдарья	Syrdarya city
Sirdaryo tumani	Сырдарьинский район	Syrdarya District
Sirdaryo viloyati	Сырдарьинская область	Syrdarya Region
Sirg'ali tumani	Сергелийский район	Sergeli District
Siz	Вы	You
Siz admin bo'lgan (taklif qilish huquqi bor) kanal va guruhlarga kelgan qo'shilish so'rovlari avtomatik qabul qilinadi. Bitta chat uchun: chatni oching → ⋮ → \"Qo'shilish so'rovlari\".	Заявки на вступление в каналы и группы, где вы админ (с правом приглашать), принимаются автоматически. Для одного чата: откройте чат → ⋮ → \"Заявки на вступление\".	Join requests to channels and groups where you're an admin (with invite rights) are accepted automatically. For a single chat: open the chat → ⋮ → \"Join requests\".
Siz bu kanalda admin emassiz, shuning uchun faqat obunachilar sonining sof o'zgarishi ko'rsatiladi (kirgan va chiqqanlarni alohida faqat adminlar ko'ra oladi).	Вы не админ этого канала, поэтому показывается только чистое изменение числа подписчиков (подписки и отписки по отдельности видят только админы).	You are not an admin of this channel, so only the net change in subscriber count is shown (only admins can see joins and leaves separately).
So'rovlarni olib bo'lmadi	Не удалось получить заявки	Couldn't load requests
So'x tumani	Сохский район	Sokh District
Sovg'a	Подарок	Gift
Sozlamalar	Настройки	Settings
Sozlamalar matn ko'rinishida nusxalanadi (sevimlilar va jildlar bilan). Uni Saqlangan xabarlarga yuborib qo'ying va yangi telefonda qayta joylang. Maxfiy kodlar nusxalanmaydi.	Настройки копируются в виде текста (вместе с избранным и папками). Отправьте его в Избранное и вставьте на новом телефоне. Секретные коды не копируются.	Settings are copied as text (including favorites and folders). Send it to Saved Messages and paste it on your new phone. Secret codes aren't copied.
Sozlamalar menyusi	Меню настроек	Settings menu
Sozlamalar nusxalandi	Настройки скопированы	Settings copied
Sozlamalardan qidirish	Поиск по настройкам	Search settings
Sozlamalarni (sevimlilar va jildlar bilan) nusxalab, boshqa telefonda tiklash mumkin.	Настройки (вместе с избранным и папками) можно скопировать и восстановить на другом телефоне.	Settings (including favorites and folders) can be copied and restored on another phone.
Sozlamalarni nusxalash	Копировать настройки	Copy settings
Sozlamalarni saqlash	Сохранение настроек	Save settings
Sozlamalarni tiklash	Восстановить настройки	Restore settings
Spoiler bilan yashirish	Скрыть спойлером	Hide with spoiler
Standart	По умолчанию	Default
Standart matn uslubi	Стиль текста по умолчанию	Default text style
Statistika nusxalandi	Статистика скопирована	Statistics copied
Statistika uchun xabar yo'q	Нет сообщений для статистики	No messages for statistics
Stiker yuborishda	При отправке стикера	When sending stickers
Suhbat	Беседа	Chat
Suratni ochib bo'lmadi	Не удалось открыть фото	Couldn't open the photo
Suratni olib tashlash	Удалить фото	Remove photo
Surxondaryo viloyati	Сурхандарьинская область	Surkhandarya Region
Tabni yashirish	Скрыть вкладку	Hide tab
Tafsilotlar nusxalandi	Подробности скопированы	Details copied
Tagiga chizilgan	Подчёркнутый	Underline
Tahrirlash	Изменить	Edit
Tallimarjon shahri	город Талимарджан	Talimarjan city
Tanishtiruv	Знакомство	Intro
Tanlangan uslub har bir oddiy matnli xabaringizga avtomatik qo'llanadi (buyruqlar, kod va faqat emojidan iborat xabarlar bundan mustasno).	Выбранный стиль автоматически применяется к каждому вашему обычному текстовому сообщению (кроме команд, кода и сообщений только из эмодзи).	The selected style is automatically applied to every plain text message you send (except commands, code and emoji-only messages).
Tanlanganlar	Избранное	Favorites
Tanlanganlarga qo'shish	Добавить в избранное	Add to Favorites
Tarixni tozalash	Очистить историю	Clear history
Tarjima	Перевод	Translation
Tarjima qaysi tilda qo'shilsin?	На каком языке добавить перевод?	Which language should the translation be added in?
Tarjima qilib bo'lmadi	Не удалось перевести	Translation failed
Tarjima qilib bo'lmadi. Qayta bossangiz, asl matn yuboriladi	Не удалось перевести. Нажмите ещё раз, чтобы отправить исходный текст	Translation failed. Tap again to send the original text
Tarjima qilib yozish	Писать с переводом	Write with translation
Tarjima qilindi: 	Переведено: 	Translated: 
Tarjima qilinmadi — asl matn qo'yildi	Не переведено — вставлен исходный текст	Not translated — original text inserted
Tarjima qilinmoqda: 	Перевод: 	Translating: 
Tarjima qilinmoqda…	Перевод…	Translating…
Tarjima uchun matn yo'q	Нет текста для перевода	No text to translate
Tarjima xizmati	Сервис перевода	Translation service
Tarjima, maxsus uzatish, shablonlar, standart matn uslubi va yuborishdan oldin so'rash.	Перевод, особая пересылка, шаблоны, стиль текста по умолчанию и запрос перед отправкой.	Translation, custom forward, templates, default text style and ask before sending.
Tarjimani tekshirib, yana yuborish tugmasini bosing	Проверьте перевод и снова нажмите кнопку отправки	Check the translation and tap Send again
Tarjimani yuborishdan oldin ko'rsatish	Показывать перевод перед отправкой	Show translation before sending
Tasodifan yuborib yuborishning oldini oladi. Ovozli xabar yozib bo'lingach darhol ketmaydi — avval tinglab, keyin yuborasiz.	Защищает от случайной отправки. Голосовое сообщение не уходит сразу после записи — сначала прослушайте, затем отправьте.	Prevents accidental sending. A voice message isn't sent right after recording — listen first, then send.
Taxiatosh tumani	Тахиаташский район	Takhiatash District
Taxtako'pir tumani	Тахтакупырский район	Takhtakupir District
Tayloq tumani	Тайлакский район	Taylak District
Tayyor	Готово	Done
Telefonni keskin silkitsangiz, ochiq yashirin bo'lim va qulflangan chatlar darhol yopiladi, yashirilgan akkauntdan asosiy akkauntga o'tiladi.	Если резко встряхнуть телефон, открытый скрытый раздел и заблокированные чаты сразу закроются, а со скрытого аккаунта произойдёт переключение на основной.	If you shake the phone sharply, the open hidden section and locked chats close immediately, and you switch from a hidden account to the main one.
Telegram bildirishnomalari	Уведомления Telegram	Telegram notifications
Telegram cheklovi: 	Ограничение Telegram: 	Telegram limit: 
Telegram kanallarda oddiy reaksiya bildirganlarni hech kimga, hatto egasiga ham ko'rsatmaydi — bu Telegram serverining qoidasi. Guruhlarda esa to'liq ro'yxat ko'rinadi.	В каналах Telegram никому, даже владельцу, не показывает, кто поставил обычную реакцию — таково правило сервера Telegram. В группах же виден полный список.	In channels, Telegram doesn't show anyone, not even the owner, who left a regular reaction — this is a Telegram server rule. In groups, the full list is visible.
Telegram maxfiylik sozlamalarida quyidagilar \"Hech kim\" ga o'zgaradi:\n\n	В настройках конфиденциальности Telegram следующее изменится на \"Никто\":\n\n	In Telegram privacy settings, the following will change to \"Nobody\":\n\n
Telegram tarjima qila olmadi	Telegram не смог перевести	Telegram couldn't translate
Termiz shahri	город Термез	Termez city
Termiz tumani	Термезский район	Termez District
Tez belgilash	Быстрый выбор	Quick select
Tez belgilash…	Быстрый выбор…	Quick select…
Tezkor shablonlar	Быстрые шаблоны	Quick templates
Tiklandi: 	Восстановлено: 	Restored: 
Tiklash	Сбросить	Reset
To'raqo'rg'on tumani	Туракурганский район	Turakurgan District
To'rtko'l shahri	город Турткуль	Turtkul city
To'rtko'l tumani	Турткульский район	Turtkul District
To'xtatish	Остановить	Stop
To'yinganlik	Насыщенность	Saturation
Toifa	Категория	Category
Toifa yaratildi. Chatlarni belgilab ⋮ → \"Toifaga qo'shish\"	Категория создана. Выделите чаты и нажмите ⋮ → \"Добавить в категорию\"	Category created. Select chats, then ⋮ → \"Add to category\"
Toifa · 	Категория · 	Category · 
Toifaga qo'shish	Добавить в категорию	Add to category
Toifalar	Категории	Categories
Toifalar soni chegaraga yetdi	Достигнут лимит категорий	Category limit reached
Toifani o'chirish	Удалить категорию	Delete category
Token eskirgan (bekor qilingan). @BotFather → /revoke orqali yangisini oling.	Токен устарел (отозван). Получите новый через @BotFather → /revoke.	Token expired (revoked). Get a new one via @BotFather → /revoke.
Token noto'g'ri ko'rinishda. To'g'risi: 123456789:AAE…(35 ta belgi)	Неверный формат токена. Правильно: 123456789:AAE…(35 символов)	Invalid token format. Correct: 123456789:AAE…(35 characters)
Token noto'g'ri yoki bekor qilingan. @BotFather dan tokenni tekshiring.	Токен неверный или отозван. Проверьте токен в @BotFather.	Token is invalid or revoked. Check the token in @BotFather.
Tokenni @BotFather dan olasiz (/mybots → bot → API Token). To'liq havolani ham joylashingiz mumkin — token o'zi ajratib olinadi.\n\n	Токен можно получить в @BotFather (/mybots → бот → API Token). Можно вставить и ссылку целиком — токен будет извлечён автоматически.\n\n	Get the token from @BotFather (/mybots → bot → API Token). You can also paste the full link — the token will be extracted automatically.\n\n
Tokenni kiriting	Введите токен	Enter token
Tomdi tumani	Тамдынский район	Tamdy District
Tong	Утро	Dawn
Tong, kun, shom va tun uchun o'zingiz yoqtirgan suratlarni tanlang (masalan, Registon yoki Toshkent Siti). Fon hududingizdagi quyosh chiqishi va botishiga qarab o'zi almashadi. Hozir: 	Выберите любимые фото для утра, дня, вечера и ночи (например, Регистан или Ташкент Сити). Фон меняется сам по восходу и закату солнца в вашем регионе. Сейчас: 	Choose your favorite photos for morning, day, evening and night (e.g. Registan or Tashkent City). The background changes automatically with sunrise and sunset in your area. Now: 
Topildi: 	Найдено: 	Found: 
Toshkent shahri	город Ташкент	Tashkent city
Toshkent shahri (markaz)	город Ташкент (центр)	Tashkent city (center)
Toshkent tumani	Ташкентский район	Tashkent District
Toshkent viloyati	Ташкентская область	Tashkent Region
Toshloq tumani	Ташлакский район	Tashlak District
Tozalanadigan kesh topilmadi	Нет кэша для очистки	No cache to clear
Tozalanadigan narsa topilmadi	Нечего очищать	Nothing to clean
Tozalandi: 	Очищено: 	Cleared: 
Tozalandi: endi hamma chatga yana javob beriladi	Очищено: теперь снова будет отвечать во всех чатах	Cleared: all chats will be replied to again
Tozalash	Очистить	Clear
Tozalashga arziydigan kanal yoki guruh topilmadi — hammasi joyida!	Каналов или групп для очистки не найдено — всё в порядке!	No channels or groups worth cleaning up — all good!
Trafik tejash	Экономия трафика	Data saver
Trafik tejash yoqilsa, mobil internetda rasm va videolar kamroq avtomatik yuklanadi. Bitta chat keshini tozalash: chatni belgilang → ⋮ → \"Keshni tozalash\".	При включённой экономии трафика в мобильной сети фото и видео загружаются автоматически реже. Очистить кэш одного чата: выделите чат → ⋮ → \"Очистить кэш\".	With Data saver on, fewer photos and videos auto-download over mobile data. To clear one chat's cache: select the chat → ⋮ → \"Clear cache\".
Tuman	Туман	Fog
Tumaningizni tanlang — chatlar ro'yxati tepasida keyingi namozgacha qolgan vaqt yoki ob-havo chiqadi.	Выберите свой район — над списком чатов появится время до следующего намаза или погода.	Select your district — time until the next prayer or the weather will appear above the chat list.
Tun	Ночь	Night
Tungi	Ночной	Night
Tungi mavzular	Ночные темы	Night themes
Tuproqqal'a tumani	Тупроккалинский район	Tuprakkala District
Tushundim	Понятно	Got it
Tuzatishlar olib tashlandi	Корректировки удалены	Adjustments removed
Uchko'prik tumani	Учкуприкский район	Uchkuprik District
Uchqo'rg'on shahri	город Учкурган	Uchkurgan city
Uchqo'rg'on tumani	Учкурганский район	Uchkurgan District
Uchquduq shahri	город Учкудук	Uchkuduk city
Uchquduq tumani	Учкудукский район	Uchkuduk District
Uchtepa tumani	Учтепинский район	Uchtepa District
Ulashib bo'lmadi	Не удалось поделиться	Failed to share
Ulashish	Поделиться	Share
Ulug'nor tumani	Улугнорский район	Ulugnor District
Umumiy fon	Общий фон	General background
Umumiy parol bilan	С общим паролем	With common password
Umumiy parol yaratish	Создать общий пароль	Create common password
Urganch shahri	г. Ургенч	Urgench city
Urganch tumani	Ургенчский район	Urgench District
Urgut tumani	Ургутский район	Urgut District
Ustoz va murabbiylar kuni 📚	День учителей и наставников 📚	Teachers' and Mentors' Day 📚
Uy	Дом	Home
Uychi tumani	Уйчинский район	Uychi District
Uzun tumani	Узунский район	Uzun District
Vaqt	Время	Time
Vaqt kirganda	При наступлении времени	When the time comes
Vaqt oralig'i	Интервал времени	Time range
Vaqtlar O'zbekiston musulmonlari idorasi taqvimi uslubida hisoblangan; mahalliy masjid jadvali bilan 1–2 daqiqa farq qilishi mumkin. Sozlamalarda tuzatish mumkin.	Время рассчитано по методике календаря Управления мусульман Узбекистана; может отличаться от расписания местной мечети на 1–2 минуты. Это можно скорректировать в настройках.	Times are calculated following the Muslim Board of Uzbekistan calendar; they may differ from your local mosque's schedule by 1–2 minutes. You can adjust this in Settings.
Vaqtlar internetsiz, tanlangan tuman koordinatasi bo'yicha O'zbekiston musulmonlari idorasi taqvimi uslubida hisoblanadi. Masjidingiz jadvalidan farq qilsa, \"Vaqtlarni tuzatish\"da moslang.	Время рассчитывается без интернета по координатам выбранного района в стиле календаря Управления мусульман Узбекистана. Если оно отличается от расписания вашей мечети, настройте в \"Коррекции времени\".	Times are calculated offline from the selected district's coordinates in the style of the Muslim Board of Uzbekistan calendar. If they differ from your mosque's schedule, adjust them in \"Adjust times\".
Vaqtlarni tuzatish (daqiqa)	Коррекция времени (мин)	Adjust times (min)
Vatan himoyachilari kuni 🎖	День защитников Родины 🎖	Defenders of the Motherland Day 🎖
Video doira (dumaloq) ko'rinishida yuboriladi — maks. 60 soniya	Видео будет отправлено в виде кружка — макс. 60 секунд	Video will be sent as a round video message — max. 60 seconds
Video oddiy ko'rinishda yuboriladi	Видео будет отправлено в обычном виде	Video will be sent as a regular video
Viloyat	Область	Region
Viloyatni tanlang	Выберите область	Select region
Vobkent shahri	г. Вабкент	Vobkent city
Vobkent tumani	Вабкентский район	Vobkent District
Xabar matni	Текст сообщения	Message text
Xabar sizning nomingizdan, \"Forwarded from\" belgisisiz yuboriladi. Pastdagi \"Chatni tanlash\" tugmasini bosing.	Сообщение будет отправлено от вашего имени, без пометки \"Переслано от\". Нажмите кнопку \"Выбрать чат\" ниже.	The message will be sent on your behalf, without the \"Forwarded from\" label. Tap the \"Select chat\" button below.
Xabar tafsilotlari	Сведения о сообщении	Message details
Xabarlar qaysi tilga tarjima qilinsin?	На какой язык переводить сообщения?	Translate messages into which language?
Xabarlar va tarjima	Сообщения и перевод	Messages and translation
Xabarlar yonida	Рядом с сообщениями	Next to messages
Xabarlar: 	Сообщения: 	Messages: 
Xabarlaringiz to'g'ridan-to'g'ri Telegram serverlari orqali yuboriladi. MilliyGram hech qanday ma'lumot yig'maydi.	Ваши сообщения отправляются напрямую через серверы Telegram. MilliyGram не собирает никаких данных.	Your messages are sent directly through Telegram servers. MilliyGram collects no data.
Xabarlarni tarjima qilish tili	Язык перевода сообщений	Message translation language
Xabarni uzoq bosing → \"Maxsus uzatish\": matnni tahrirlab, havola va @larni tozalab, tarjima qilib, o'z nomingizdan uzating.	Долгое нажатие на сообщение → \"Особая пересылка\": отредактируйте текст, уберите ссылки и @упоминания, переведите и перешлите от своего имени.	Long-press a message → \"Custom forward\": edit the text, strip links and @mentions, translate, and forward it under your own name.
Xatirchi tumani	Хатырчинский район	Khatirchi District
Xato: 	Ошибка: 	Error: 
Xavfsizlik	Безопасность	Security
Xazorasp tumani	Хазараспский район	Khazarasp District
Xiva shahri	г. Хива	Khiva city
Xiva tumani	Хивинский район	Khiva District
Xo'jaobod shahri	г. Ходжаабад	Khodjaobod city
Xo'jaobod tumani	Ходжаабадский район	Khodjaobod District
Xo'jayli shahri	г. Ходжейли	Khodjeyli city
Xo'jayli tumani	Ходжейлийский район	Khodjeyli District
Xonobod shahri	г. Ханабад	Khonobod city
Xonqa tumani	Ханкинский район	Khonqa District
Xorazm viloyati	Хорезмская область	Khorezm Region
Xotira va kesh	Память и кэш	Storage and cache
Xotira va qadrlash kuni 🕊	День памяти и почестей 🕊	Day of Remembrance and Honor 🕊
Xovos tumani	Хавастский район	Khavast District
Xufton	Иша	Isha
Yakkabog' shahri	г. Яккабаг	Yakkabog city
Yakkabog' tumani	Яккабагский район	Yakkabog District
Yakkasaroy tumani	Яккасарайский район	Yakkasaray District
Yangi Nishon shahri	г. Янги-Нишан	Yangi Nishon city
Yangi shablon	Новый шаблон	New template
Yangi so'rovlarni avtomatik qabul qilish	Автоматически одобрять новые заявки	Auto-approve new requests
Yangi toifa	Новая категория	New category
Yangi toifa yaratish	Создать категорию	Create category
Yangi xabar tugmasi	Кнопка нового сообщения	New message button
Yangi yil arafasi 🎆	Канун Нового года 🎆	New Year's Eve 🎆
Yangi yil muborak! 🎄	С Новым годом! 🎄	Happy New Year! 🎄
Yangiariq tumani	Янгиарыкский район	Yangiariq District
Yangibozor tumani	Янгибазарский район	Yangibozor District
Yangihayot tumani	Янгихаётский район	Yangihayot District
Yangilandi	Обновлено	Updated
Yangilandi: 	Обновлено: 	Updated: 
Yangiobod tumani	Янгиабадский район	Yangiobod District
Yangiqo'rg'on tumani	Янгикурганский район	Yangikurgan District
Yangiyer shahri	г. Янгиер	Yangiyer city
Yangiyo'l shahri	г. Янгиюль	Yangiyul city
Yangiyo'l tumani	Янгиюльский район	Yangiyul District
Yashirilgan	Скрытые	Hidden
Yashirilgan akkaunt yo'q. Akkauntni yashirish: akkauntlar ro'yxatida ⚙ → \"Yashirish\".	Нет скрытых аккаунтов. Чтобы скрыть аккаунт: в списке аккаунтов ⚙ → \"Скрыть\".	No hidden accounts. To hide an account: in the account list tap ⚙ → \"Hide\".
Yashirilgan akkauntlar	Скрытые аккаунты	Hidden accounts
Yashirilgan akkauntlardan	От скрытых аккаунтов	From hidden accounts
Yashirilgan tablar	Скрытые вкладки	Hidden tabs
Yashirin (spoyler)	Скрытый (спойлер)	Hidden (spoiler)
Yashirin arxivni ko'rish uchun chatlar ro'yxatini tepadan pastga torting. \"Arxivlangan chatlar\" qatorini uzoq bosib yashirish yoki mahkamlash mumkin. Arxiv ichidagi ⊞ tugmasi chatlarni turlarga ajratadi.	Чтобы увидеть скрытый архив, потяните список чатов сверху вниз. Строку \"Архивированные чаты\" можно скрыть или закрепить долгим нажатием. Кнопка ⊞ внутри архива разделяет чаты по типам.	Pull the chat list down to see the hidden archive. Long-press the \"Archived Chats\" row to hide or pin it. The ⊞ button inside the archive sorts chats by type.
Yashirin bo'lim	Скрытый раздел	Hidden section
Yashirin bo'lim sozlamalari	Настройки скрытого раздела	Hidden section settings
Yashirin bo'lim va chat qulfi alohida kodlarga ega. Yashirin chatlarni ochish: bosh ekranda qidiruv tugmasini uzoq bosing.	У скрытого раздела и блокировки чатов отдельные коды. Открыть скрытые чаты: долгое нажатие на кнопку поиска на главном экране.	The hidden section and chat lock have separate codes. To open hidden chats: long-press the search button on the main screen.
Yashirin chatlar va akkauntlar faqat shu yerda boshqariladi. Yashirin bo'limga kirish: bosh ekranda qidiruv 🔍 tugmasini uzoq bosing.	Скрытые чаты и аккаунты управляются только здесь. Вход в скрытый раздел: зажмите кнопку поиска 🔍 на главном экране.	Hidden chats and accounts are managed only here. To enter the hidden section: long-press the search 🔍 button on the main screen.
Yashirin chatlardan	От скрытых чатов	From hidden chats
Yashirin chatlarni ochish	Открывать скрытые чаты	Open hidden chats
Yashirin foydalanuvchi	Скрытый пользователь	Hidden user
Yashirin havola topilmadi	Скрытые ссылки не найдены	No hidden links found
Yashirish	Скрыть	Hide
Yashirish / Ko'rsatish	Скрыть / Показать	Hide / Show
Yashirishdan chiqarish	Вернуть из скрытых	Unhide
Yashnobod tumani	Яшнабадский район	Yashnobod District
Yaypan shahri	г. Яйпан	Yaypan city
Yo'q	Нет	None
Yolg'on ism	Вымышленное имя	Fake name
Yomg'ir	Дождь	Rain
Yon menyu foni	Фон бокового меню	Side menu background
Yon menyu ikonkalari	Иконки бокового меню	Side menu icons
Yon menyu matni	Текст бокового меню	Side menu text
Yopish	Закрыть	Close
Yoqilgan	Включено	On
Yoqish	Включить	Enable
Yoqish tugmasi	Переключатель	Toggle switch
Yoqish/yashirish uchun bosing. Nomini yoki ikonkasini o'zgartirish uchun uzoq bosing.\n\n• Admin — siz egasi yoki admini bo'lgan barcha guruh va kanallar\n• Mening kanallarim / guruhlarim — o'zingiz egasi bo'lganlar\n• Admin kanallar / guruhlar — siz admin, lekin egasi boshqa odam\n• Notanishlar — kontaktda yo'q odamlar (himoya yoqilganda)	Нажмите, чтобы включить/скрыть. Зажмите, чтобы изменить название или иконку.\n\n• Админ — все группы и каналы, где вы владелец или админ\n• Мои каналы / группы — где вы владелец\n• Админ-каналы / группы — вы админ, но владелец другой человек\n• Незнакомцы — люди не из контактов (при включённой защите)	Tap to show/hide. Long-press to change the name or icon.\n\n• Admin — all groups and channels you own or administer\n• My channels / groups — ones you own\n• Admin channels / groups — you are an admin, but someone else is the owner\n• Strangers — people not in your contacts (when protection is on)
Yoqtirilgan	Любимое	Liked
Yorqinlik	Яркость	Brightness
Yozgan matningizni tarjima qilish: yuborish tugmasini uzoq bosing → \"Tarjima qilib yozish\". Avtomatik rejimda Telegram tarjimoni ishlamasa, Google Tarjimon ishlatiladi.	Перевести написанный текст: долгое нажатие на кнопку отправки → \"Перевести и написать\". В автоматическом режиме, если переводчик Telegram не работает, используется Google Переводчик.	Translate what you've written: long-press the send button → \"Translate and write\". In automatic mode, Google Translate is used if Telegram's translator doesn't work.
Yozgan xabarlaringiz 	Ваши сообщения будут переведены на язык: 	Your messages will be translated to 
Yozganimni tarjima qilish tili	Язык перевода моих сообщений	Language for my outgoing translations
Yozganingiz qaysi tilga tarjima qilinsin?	На какой язык переводить ваш текст?	Translate your text into which language?
Yozish	Запись	Recording
Yozish paneli foni	Фон панели ввода	Input panel background
Yozish paneli ikonkalari	Иконки панели ввода	Input panel icons
Yozish paneli matni	Текст панели ввода	Input panel text
Yozyovon tumani	Язъяванский район	Yozyovon District
Yuborib bo'lmadi	Не удалось отправить	Failed to send
Yuborish tugmasi	Кнопка отправки	Send button
Yuborish uchun matn yo'q	Нет текста для отправки	No text to send
Yuborishdan oldin so'rash	Спрашивать перед отправкой	Ask before sending
Yuklamalar va trafik	Загрузки и трафик	Downloads and data
Yuklandi: 	Загружено: 	Loaded: 
Yuklangan 	Загруженные 	Loaded 
Yuklangan hamma xabarlar allaqachon belgilangan	Все загруженные сообщения уже выбраны	All loaded messages are already selected
Yuklangan ro'yxatda o'chirilgan hisob yo'q	В загруженном списке нет удалённых аккаунтов	No deleted accounts in the loaded list
Yunusobod tumani	Юнусабадский район	Yunusobod District
Yuqorichirchiq tumani	Юкоричирчикский район	Yuqorichirchiq District
Zafarobod tumani	Зафарабадский район	Zafarobod District
Zangiota tumani	Зангиатинский район	Zangiota District
Zarafshon shahri	г. Зарафшан	Zarafshan city
Zarbdor tumani	Зарбдарский район	Zarbdor District
Zomin tumani	Заминский район	Zomin District
Zumrad	Изумрудный	Emerald
[ Asr · 1:24 ]	[ Аср · 1:24 ]	[ Asr · 1:24 ]
[Doira video]	[Видеосообщение]	[Video message]
[Fayl]	[Файл]	[File]
[GIF]	[GIF]	[GIF]
[Musiqa]	[Музыка]	[Music]
[Ovozli xabar]	[Голосовое сообщение]	[Voice message]
[Rasm]	[Фото]	[Photo]
[Stiker]	[Стикер]	[Sticker]
[Video]	[Видео]	[Video]
\" akkauntidan chiqasizmi?	\" — выйти из этого аккаунта?	\" — log out of this account?
\" bo'yicha hech narsa topilmadi	\" — ничего не найдено	\" — nothing found
\" toifasi yaratildi	\" — категория создана	\" category created
\" toifasiga qo'shildi	\" — добавлено в категорию	\" — added to category
\" topilmadi	\" не найдено	\" not found
\"Tanlanganlar\" jildiga qo'shildi	Добавлено в папку \"Избранное\"	Added to the \"Favorites\" folder
\"yutuq\" yoki \"sovg'a\" va'dasi	обещание \"выигрыша\" или \"подарка\"	promise of a \"prize\" or \"gift\"
\nDaqiqa kiriting (masalan +35 yoki -12) yoki masjidingizdagi aniq vaqtni yozing (masalan 05:12).	\nВведите минуты (например +35 или -12) или точное время в вашей мечети (например 05:12).	\nEnter minutes (e.g. +35 or -12) or your mosque's exact time (e.g. 05:12).
\nKun uzunligi: 	\nДолгота дня: 	\nDay length: 
\nSezilishi 	\nОщущается как 	\nFeels like 
\nStatistika ekranda yuklangan xabarlar bo'yicha. Ko'proq xabar uchun chatni yuqoriga aylantiring.	\nСтатистика по сообщениям, загруженным на экране. Чтобы учесть больше сообщений, прокрутите чат вверх.	\nStatistics are based on messages loaded on screen. Scroll the chat up to include more messages.
\nTelegram cheklovi: 	\nОграничение Telegram: 	\nTelegram limit: 
\nYozuvlar: 	\nЗаписей: 	\nRecords: 
\n\nO'zingiz yaratgan 	\n\nСозданные вами 	\n\nThe 
\n\nTelegram cheklovlari tufayli ular birma-bir chiqariladi (taxminan 	\n\nИз-за ограничений Telegram они будут удаляться по одному (примерно 	\n\nDue to Telegram limits, they will be removed one by one (about 
barcha akkauntlardan qo'shilish	вступить со всех аккаунтов	join from all accounts
dan chiqasizmi? Ular chatlar ro'yxatidan o'chadi.	 — выйти? Они будут удалены из списка чатов.	 — leave? They will be removed from the chat list.
dan keyin qayta urinib ko'ring.	, затем повторите попытку.	, then try again.
faqat ovozlilar	только со звуком	unmuted only
ga tarjima qilinib yuboriladi	 и отправлены	 before sending
har 	каждые 	every 
hech narsa eshitilmadi	ничего не слышно	nothing heard
kalit=#AARRGGBB	ключ=#AARRGGBB	key=#AARRGGBB
karta ma'lumotlarini so'rash	запрос данных карты	asking for card details
karta raqami	номер карты	card number
keyingi namoz	следующий намаз	next prayer
o'chirilgan	отключено	disabled
o'zgartirilgan	изменено	modified
oxirgi marta onlayn	был(а) в сети	last seen online
pul o'tkazishni so'rash	просьба перевести деньги	asking for a money transfer
shubhali havola	подозрительная ссылка	suspicious link
yo'q	нет	none
• Bank, Telegram, Click, Payme xodimlari hech qachon kod so'ramaydi.\n	• Сотрудники банков, Telegram, Click, Payme никогда не просят код.\n	• Bank, Telegram, Click and Payme staff will never ask for a code.\n
• Hech kimga SMS kod, karta PIN-kodi, CVV va amal qilish muddatini aytmang.\n	• Никому не сообщайте SMS-код, PIN-код карты, CVV и срок действия.\n	• Never tell anyone your SMS code, card PIN, CVV or expiry date.\n
• Notanish havola va .apk fayllarni ochmang.\n	• Не открывайте незнакомые ссылки и .apk-файлы.\n	• Don't open unknown links or .apk files.\n
• Pul so'rashsa — shu odamga boshqa yo'l bilan (qo'ng'iroq qilib) tekshiring.	• Если просят деньги — проверьте другим способом (позвоните этому человеку).	• If someone asks for money, verify it another way (call the person).
• chatlar ro'yxati botga kimdir yozgandan keyin to'ladi;\n	• список чатов заполнится после того, как кто-то напишет боту;\n	• the chat list fills up after someone messages the bot;\n
• faqat botga /start bosgan odamlarga yoza olasiz;\n	• писать можно только тем, кто нажал /start у бота;\n	• you can only message people who pressed /start in the bot;\n
• guruh va kanallarga o'zingiz qo'shila olmaysiz.	• вступать в группы и каналы самостоятельно нельзя.	• you can't join groups and channels yourself.
• kontaktlar va eski chatlar ko'rinmaydi;\n	• контакты и старые чаты не отображаются;\n	• contacts and old chats are not shown;\n
• oxirgi marta onlayn bo'lgan vaqtingiz va onlayn holatingiz;\n	• время последнего визита и статус «в сети»;\n	• your last seen time and online status;\n
• telefon raqamingiz;\n	• ваш номер телефона;\n	• your phone number;\n
• uzatilgan xabarlaringizdagi profilingizga havola.\n\n	• ссылка на ваш профиль в пересланных сообщениях.\n\n	• link to your profile in forwarded messages.\n\n
↩️ Javob: #	↩️ Ответ: #	↩️ Reply: #
↪️ Uzatilgan: 	↪️ Переслано: 	↪️ Forwarded: 
↺ Asl matn	↺ Исходный текст	↺ Original text
⏰ Eng faol vaqt: 	⏰ Самое активное время: 	⏰ Most active time: 
⏳ Avto-o'chish: 	⏳ Автоудаление: 	⏳ Auto-delete: 
⏳ Tarjima qilinmoqda…	⏳ Перевод…	⏳ Translating…
⏺ Doira video	⏺ Видеосообщение	⏺ Video message
▒ Spoyler	▒ Спойлер	▒ Spoiler
☑️ Hammasi	☑️ Все	☑️ All
⚠️ Avval matnning bir qismini barmoq bilan belgilang	⚠️ Сначала выделите часть текста пальцем	⚠️ First select part of the text with your finger
⚠️ Ehtiyot bo'ling	⚠️ Будьте осторожны	⚠️ Be careful
✍️ Imzo	✍️ Подпись	✍️ Signature
✍️ Imzo: 	✍️ Подпись: 	✍️ Signature: 
✏️ Tahrirlangan: 	✏️ Изменено: 	✏️ Edited: 
✓ Almashtirildi: 	✓ Заменено: 	✓ Replaced: 
✓ Asosiy akkaunt	✓ Основной аккаунт	✓ Main account
✓ Imzo qo'shildi (qayta bossangiz — tahrirlash)	✓ Подпись добавлена (нажмите ещё раз — редактировать)	✓ Signature added (tap again to edit)
✓ Tarjima qilindi: 	✓ Переведено: 	✓ Translated: 
✓ Tozalandi: 	✓ Очищено: 	✓ Cleaned: 
✓ Yashirin havolalar olib tashlandi: 	✓ Скрытые ссылки удалены: 	✓ Hidden links removed: 
✕ Oddiy	✕ Обычный	✕ Plain
✖️ Belgilashni bekor qilish	✖️ Снять выделение	✖️ Deselect
❝ Iqtibos	❝ Цитата	❝ Quote
⭐ Stars bilan reaksiya qilganlar:	⭐ Отреагировали со Stars:	⭐ Reacted with Stars:
🆔 Xabar ID: 	🆔 ID сообщения: 	🆔 Message ID: 
🇨🇳 Xitoycha	🇨🇳 Китайский	🇨🇳 Chinese
🇩🇪 Nemischa	🇩🇪 Немецкий	🇩🇪 German
🇪🇸 Ispancha	🇪🇸 Испанский	🇪🇸 Spanish
🇫🇷 Fransuzcha	🇫🇷 Французский	🇫🇷 French
🇬🇧 Inglizcha	🇬🇧 Английский	🇬🇧 English
🇮🇷 Forscha	🇮🇷 Персидский	🇮🇷 Persian
🇰🇬 Qirg'izcha	🇰🇬 Киргизский	🇰🇬 Kyrgyz
🇰🇷 Koreyscha	🇰🇷 Корейский	🇰🇷 Korean
🇰🇿 Qozoqcha	🇰🇿 Казахский	🇰🇿 Kazakh
🇷🇺 Ruscha	🇷🇺 Русский	🇷🇺 Russian
🇸🇦 Arabcha	🇸🇦 Арабский	🇸🇦 Arabic
🇹🇯 Tojikcha	🇹🇯 Таджикский	🇹🇯 Tajik
🇹🇷 Turkcha	🇹🇷 Турецкий	🇹🇷 Turkish
🇺🇿 O'zbekcha	🇺🇿 Узбекский	🇺🇿 Uzbek
🌅 Quyosh chiqishi 	🌅 Восход 	🌅 Sunrise 
🌐 Tarjima	🌐 Перевод	🌐 Translate
🌐+ Tarjimani qo'shish	🌐+ Добавить перевод	🌐+ Add translation
🎙 Ovozli xabar	🎙 Голосовое сообщение	🎙 Voice message
🎙 Ovozli: 	🎙 Голосовые: 	🎙 Voice: 
🎬 Video	🎬 Видео	🎬 Video
🎭 Rasmsiz va username'siz	🎭 Без фото и username	🎭 No photo and no username
🎲 Zar	🎲 Кубик	🎲 Dice
🎵 Musiqa	🎵 Музыка	🎵 Music
🏆 Eng faollar:\n	🏆 Самые активные:\n	🏆 Most active:\n
👁 Ko'rishlar: 	👁 Просмотры: 	👁 Views: 
👤 Yuboruvchi: 	👤 Отправитель: 	👤 Sender: 
👻 O'chirilgan hisob	👻 Удалённый аккаунт	👻 Deleted account
👻 O'chirilgan hisoblar	👻 Удалённые аккаунты	👻 Deleted accounts
💬 Chat: 	💬 Чат: 	💬 Chat: 
💬 Jami xabarlar: 	💬 Всего сообщений: 	💬 Total messages: 
💭 Izohlar: 	💭 Комментарии: 	💭 Comments: 
📅 Oxirgi 24 soatda qo'shilganlar	📅 Вступившие за последние 24 часа	📅 Joined in the last 24 hours
📆 Oxirgi 7 kunda qo'shilganlar	📆 Вступившие за последние 7 дней	📆 Joined in the last 7 days
📊 Chat statistikasi	📊 Статистика чата	📊 Chat statistics
📊 So'rovnoma	📊 Опрос	📊 Poll
📎 Fayl	📎 Файл	📎 File
📎 Fayl: 	📎 Файл: 	📎 File: 
📎 Fayllar: 	📎 Файлы: 	📎 Files: 
📎 Media	📎 Медиа	📎 Media
📝 So'zlar: 	📝 Слова: 	📝 Words: 
📤 Siz yozganlar: 	📤 Ваши сообщения: 	📤 Sent by you: 
📳 Hammasi yashirildi	📳 Всё скрыто	📳 Everything hidden
🔁 Almashtirish	🔁 Заменить	🔁 Replace
🔁 Matnni almashtirish	🔁 Заменить текст	🔁 Replace text
🔁 Ulashishlar: 	🔁 Репосты: 	🔁 Shares: 
🔒 Maxfiy chat	🔒 Секретный чат	🔒 Secret chat
🔔 Eslatma	🔔 Напоминание	🔔 Reminder
🔕 Ovozsiz yuborilgan	🔕 Отправлено без звука	🔕 Sent silently
🔗 Havola	🔗 Ссылка	🔗 Link
🔗 Havolalarni o'chirish	🔗 Удалить ссылки	🔗 Remove links
🔤 Matn: 	🔤 Текст: 	🔤 Text: 
🕐 Oxirgi 1 soatda qo'shilganlar	🕐 Вступившие за последний час	🕐 Joined in the last hour
🕒 Yuborilgan: 	🕒 Отправлено: 	🕒 Sent: 
🖼 Albom: 	🖼 Альбом: 	🖼 Album: 
🖼 Rasm	🖼 Фото	🖼 Photo
🖼 Rasmlar: 	🖼 Фото: 	🖼 Photos: 
😀 Stiker	😀 Стикер	😀 Sticker
🚫 Uzatish taqiqlangan	🚫 Пересылка запрещена	🚫 Forwarding restricted
🛡 APK fayl bloklandi — xavfsizlik uchun (Sozlamalar → Maxfiylik)	🛡 APK-файл заблокирован в целях безопасности (Настройки → Конфиденциальность)	🛡 APK file blocked for security (Settings → Privacy)
🤖 Bot orqali: 	🤖 Через бота: 	🤖 Via bot: 
🤖 Botlar	🤖 Боты	🤖 Bots
🧹 Formatsiz	🧹 Без форматирования	🧹 No formatting
🧽 @ va linklarni tozalash	🧽 Очистить @ и ссылки	🧽 Remove @ and links
Feruza · Samarqand	Бирюза · Самарканд	Turquoise · Samarkand
Oltin · Buxoro	Золото · Бухара	Gold · Bukhara
Anor	Гранат	Pomegranate
Paxta	Хлопок	Cotton
